Model	seed	epoch	Acc multi male	Acc k male	Intra male	Inter male	Acc multi female	Acc k female	Intra female	Inter female
cspresnet50	222	-1	0.0	15.453	4.362	1.598	0.0	13.58	4.041	1.436
eca_resnet33ts	222	-1	0.0	4.832	27.453	5.841	0.0	4.164	26.265	5.506
densenet121	222	-1	0.0	9.966	6.333	1.553	0.0	8.683	5.96	1.416
densenetblur121d	222	-1	0.0	9.9	5.842	1.467	0.0	8.656	5.294	1.332
eca_resnext26ts	222	-1	0.0	5.186	27.274	4.762	0.0	4.374	25.473	4.346
ecaresnet26t	222	-1	0.0	5.081	5.811	1.143	0.0	5.526	5.342	1.079
densenet169	222	-1	0.0	10.608	4.239	1.191	0.0	9.416	4.065	1.102
ecaresnet50d	222	-1	0.0	5.016	7.168	1.198	0.0	5.068	6.516	1.097
ecaresnet101d_pruned	222	-1	0.0	5.029	5.248	0.908	0.0	4.963	4.953	0.857
cspresnext50	222	-1	0.0	15.715	5.7	1.954	0.0	14.471	5.323	1.763
dpn68	222	-1	0.0	5.946	7.359	1.64	0.0	5.723	6.823	1.529
dpn68b	222	-1	0.0	5.946	7.359	1.64	0.0	5.723	6.823	1.529
eca_nfnet_l0	222	-1	0.0	4.479	9.321	1.839	0.0	4.885	8.286	1.548
eca_nfnet_l1	222	-1	0.0	4.034	12.583	2.259	0.0	4.439	11.389	1.929
dm_nfnet_f0	222	-1	0.0	4.57	11.826	2.412	0.0	4.413	10.525	2.05
efficientnet_el_pruned	222	-1	0.0	11.551	3.286	1.175	0.0	8.892	3.199	1.099
efficientnetv2_rw_t	222	-1	0.0	8.159	33.119	10.836	0.0	7.53	31.24	9.837
ese_vovnet39b	222	-1	0.0	11.734	2.751	0.938	0.0	10.974	2.636	0.877
gluon_resnet101_v1d	222	-1	0.0	4.963	5.376	0.977	0.0	5.12	5.026	0.931
gluon_resnet18_v1b	222	-1	0.0	5.88	9.801	1.983	0.0	5.684	9.09	1.834
eca_resnext26ts	222	0	0.0	4.898	37.663	10.784	0.0	4.597	35.562	10.492
cspresnet50	222	0	0.0	2.279	19.52	2.244	0.0	2.187	19.03	1.789
ecaresnet26t	222	0	0.0	4.597	26.085	5.918	0.0	4.204	25.106	5.648
densenet121	222	0	0.0	4.872	22.839	5.864	0.0	3.641	23.278	5.328
cspresnext50	222	0	0.0	1.65	24.157	1.9	0.0	1.572	23.74	1.543
densenetblur121d	222	0	0.0	4.767	27.443	6.728	0.0	3.981	27.472	6.827
eca_resnet33ts	222	0	0.0	3.706	36.687	8.168	0.0	3.431	35.298	7.684
dpn68b	222	0	0.0	7.36	38.935	14.568	0.0	6.286	37.068	12.874
dpn68	222	0	0.0	6.928	34.766	11.465	0.0	5.828	36.692	11.522
gluon_resnext50_32x4d	222	-1	0.0	6.103	8.96	1.788	0.0	5.618	8.281	1.655
inception_resnet_v2	222	-1	0.0	6.509	0.19	0.043	0.0	6.221	0.18	0.041
efficientnetv2_rw_t	222	0	0.0	1.847	43.947	6.151	0.0	1.336	44.162	6.432
eca_nfnet_l0	222	0	0.0	0.393	nan	0.0	0.0	0.0	nan	0.0
ecaresnet50d	222	0	0.0	3.562	22.424	4.351	0.0	3.641	22.663	4.242
gluon_resnet18_v1b	222	0	0.0	4.754	17.829	3.073	0.0	3.798	17.521	2.646
efficientnet_el_pruned	222	0	0.0	2.58	15.628	1.315	0.0	2.161	15.862	1.051
regnetx_006	222	-1	0.0	5.317	9.118	2.104	0.0	4.557	8.686	1.971
ecaresnet101d_pruned	222	0	0.0	2.252	14.025	0.94	0.0	2.148	15.219	0.811
eca_resnext26ts	222	1	0.0	11.708	27.193	11.997	0.0	10.215	29.395	12.08
regnetx_080	222	-1	0.0	5.107	8.804	1.725	0.0	4.348	8.108	1.595
cspresnet50	222	1	0.0	3.353	18.375	3.045	0.0	2.763	18.242	2.626
repvgg_a2	222	-1	0.0	0.393	nan	0.0	0.0	0.0	nan	0.0
ecaresnet26t	222	1	0.0	7.032	19.627	6.277	0.0	7.543	22.262	6.719
densenet121	222	1	0.0	10.071	19.65	6.177	0.0	6.757	22.167	6.842
gluon_resnet18_v1b	222	1	0.0	8.25	16.662	4.818	0.0	6.731	16.936	4.183
cspresnext50	222	1	0.0	5.671	21.653	4.26	0.0	4.505	20.828	3.521
densenetblur121d	222	1	0.0	9.075	22.462	7.411	0.0	7.046	21.885	6.767
regnetx_006	222	0	0.0	4.387	14.899	2.43	0.0	3.588	13.886	2.072
efficientnetv2_rw_t	222	1	0.0	3.353	29.379	4.575	0.0	2.75	27.764	4.071
eca_resnet33ts	222	1	0.0	6.037	28.481	8.162	0.0	5.094	27.799	7.599
dpn68	222	1	0.0	15.898	26.126	12.836	0.0	11.917	32.189	14.356
dpn68b	222	1	0.0	19.107	29.73	15.711	0.0	14.261	33.415	16.381
gluon_resnet101_v1d	222	0	0.0	5.173	25.911	5.879	0.0	4.898	24.816	5.53
inception_resnet_v2	222	0	0.0	7.831	19.711	4.85	0.0	5.919	23.972	5.439
gluon_resnet18_v1b	222	2	0.0	14.366	15.58	6.171	0.0	11.027	16.367	5.533
eca_resnext26ts	222	2	0.0	19.893	26.509	14.148	0.0	16.331	25.599	12.272
eca_nfnet_l0	222	1	0.0	0.406	nan	0.001	0.0	0.0	nan	0.001
regnetx_006	222	1	0.0	8.709	15.331	4.425	0.0	7.674	14.006	3.807
resnet33ts	222	-1	0.0	4.976	30.145	6.489	0.0	4.217	27.97	5.794
cspresnet50	222	2	0.0	4.937	20.277	4.812	0.0	3.654	20.269	3.9
efficientnet_el_pruned	222	1	0.0	4.191	15.422	2.501	0.0	3.313	17.437	2.377
ecaresnet50d	222	1	0.0	5.54	21.459	4.909	0.0	4.872	19.743	4.296
resnet50d	222	-1	0.0	5.291	7.062	1.368	0.0	5.579	6.404	1.27
ecaresnet26t	222	2	0.0	11.367	15.893	6.158	0.0	9.966	21.413	7.547
densenet121	222	2	0.0	21.412	18.484	8.986	0.0	16.173	16.82	6.84
repvgg_a2	222	0	0.0	2.868	20.637	2.527	0.0	2.056	21.465	2.201
cspresnext50	222	2	0.0	9.756	18.937	5.476	0.0	7.19	18.869	4.861
resnetv2_101	222	-1	0.0	15.898	1.432	0.547	0.0	14.026	1.401	0.516
selecsls42b	222	-1	0.0	16.134	6.07	2.274	0.0	13.999	5.994	2.162
densenetblur121d	222	2	0.0	14.484	20.227	8.026	0.0	10.097	22.01	8.136
resnext50_32x4d	222	-1	0.0	6.103	8.96	1.788	0.0	5.618	8.281	1.655
efficientnetv2_rw_t	222	2	0.0	5.801	26.265	4.711	0.0	3.994	27.213	4.446
regnetx_080	222	0	0.0	4.426	19.981	3.883	0.0	4.309	18.143	3.383
regnetx_006	222	2	0.0	17.653	15.677	6.45	0.0	14.013	13.254	5.215
seresnext26t_32x4d	222	-1	0.0	4.662	6.149	0.953	0.0	4.479	5.603	0.884
ecaresnet101d_pruned	222	1	0.0	6.299	12.08	2.187	0.0	4.047	13.648	1.909
eca_resnet33ts	222	2	0.0	9.625	24.02	8.35	0.0	7.53	26.188	8.293
tf_efficientnet_b1_ap	222	-1	0.0	10.699	37.134	10.969	0.0	8.591	36.005	9.84
dpn68b	222	2	0.0	30.526	29.665	19.071	0.0	24.083	32.962	19.558
dpn68	222	2	0.0	28.798	26.312	15.669	0.0	21.228	31.162	16.793
tf_efficientnet_lite0	222	-1	0.0	13.109	4.426	1.596	0.0	10.175	4.241	1.484
tf_efficientnet_b2	222	-1	0.0	13.947	14.428	4.984	0.0	11.406	13.212	4.278
tf_efficientnet_lite3	222	-1	0.0	4.688	5.304	1.827	0.0	3.994	5.298	1.798
resnet33ts	222	0	0.0	4.047	30.42	7.448	0.0	3.85	30.276	7.202
tf_efficientnetv2_b3	222	-1	0.0	10.961	34.93	12.757	0.0	9.809	34.257	11.97
tf_inception_v3	222	-1	0.0	12.795	3.266	1.237	0.0	9.678	3.149	1.145
inception_resnet_v2	222	1	0.0	12.664	20.613	7.318	0.0	10.411	20.409	6.676
resnet50d	222	0	0.0	3.903	21.048	3.657	0.0	3.732	22.047	3.832
eca_nfnet_l0	222	2	0.0	0.406	nan	0.0	0.0	0.0	nan	0.0
repvgg_a2	222	1	0.0	5.278	21.465	4.949	0.0	3.064	21.323	3.824
tf_efficientnet_lite0	222	0	0.0	0.524	6.037	0.416	0.0	0.616	9.183	0.618
gluon_resnet101_v1d	222	1	0.0	7.111	20.859	5.524	0.0	5.657	23.869	5.989
efficientnet_el_pruned	222	2	0.0	7.53	18.035	4.222	0.0	4.95	17.005	3.355
twins_svt_base	222	-1	0.0	14.707	29.671	10.502	0.0	13.161	29.124	9.853
seresnext26t_32x4d	222	0	0.0	4.911	25.955	6.483	0.0	4.348	27.964	7.178
ecaresnet50d	222	2	0.0	9.377	20.771	6.666	0.0	8.133	19.913	6.053
tf_efficientnet_b1_ap	222	0	0.0	0.72	32.684	2.143	0.0	0.655	33.276	1.812
selecsls42b	222	0	0.0	2.069	17.552	0.816	0.0	1.545	18.039	0.624
tf_efficientnet_b2	222	0	0.0	0.471	36.665	1.805	0.0	0.432	36.141	2.0
xcit_nano_12_p8_224	222	-1	0.0	11.092	0.346	0.038	0.0	9.534	0.332	0.037
resnext50_32x4d	222	0	0.0	3.759	25.126	5.216	0.0	3.248	24.076	4.708
xcit_nano_12_p16_224_dist	222	-1	0.0	18.897	0.187	0.023	0.0	11.459	nan	0.02
resnet33ts	222	1	0.0	6.849	26.514	8.277	0.0	5.605	28.635	8.445
xcit_tiny_12_p16_224	222	-1	0.0	20.272	0.162	0.024	0.0	11.406	0.157	0.022
tf_efficientnet_lite3	222	0	0.0	0.773	27.603	0.76	0.0	0.524	27.244	0.594
tf_inception_v3	222	0	0.0	2.658	33.237	7.504	0.0	2.2	27.546	5.763
tf_efficientnet_lite0	222	1	0.0	10.948	8.668	0.594	0.0	3.457	8.12	0.686
tf_efficientnetv2_b3	222	0	0.0	1.585	36.998	2.887	0.0	1.362	38.578	2.977
resnetv2_101	222	0	0.0	2.266	32.542	3.033	0.0	1.467	34.445	3.261
regnetx_080	222	1	0.0	8.381	13.198	3.709	0.0	7.203	13.499	3.404
ecaresnet101d_pruned	222	2	0.0	13.358	14.832	4.895	0.0	8.408	15.326	3.877
resnet50d	222	1	0.0	7.7	16.864	4.623	0.0	5.841	19.29	5.072
repvgg_a2	222	2	0.0	11.786	18.467	6.03	0.0	6.181	17.809	4.438
tf_efficientnet_b1_ap	222	1	0.0	0.576	31.939	2.475	0.0	0.511	32.54	2.09
seresnext26t_32x4d	222	1	0.0	10.922	20.905	7.603	0.0	9.193	22.237	7.799
tf_efficientnet_lite0	222	2	0.0	9.468	6.102	0.547	0.0	3.064	6.73	0.611
inception_resnet_v2	222	2	0.0	28.536	21.734	11.832	0.0	22.014	20.761	10.164
tf_efficientnet_b2	222	1	0.0	0.773	27.295	2.143	0.0	0.602	27.427	2.051
xcit_nano_12_p16_224_dist	222	0	0.0	7.36	3.811	1.043	0.0	6.954	3.994	1.025
resnet33ts	222	2	0.0	10.595	26.495	10.084	0.0	8.041	26.82	9.246
xcit_tiny_12_p16_224	222	0	0.0	9.35	4.604	1.509	0.0	8.368	4.713	1.412
tf_efficientnet_lite3	222	1	0.0	3.366	30.033	2.119	0.0	1.388	32.771	2.252
selecsls42b	222	1	0.0	2.514	12.546	1.383	0.0	1.572	12.91	1.083
tf_inception_v3	222	1	0.0	5.474	24.447	6.848	0.0	4.034	28.649	7.637
tf_efficientnetv2_b3	222	1	0.0	4.125	27.892	4.867	0.0	3.051	30.204	4.93
resnext50_32x4d	222	1	0.0	8.512	19.559	5.875	0.0	6.915	20.14	5.712
xcit_nano_12_p8_224	222	0	0.0	8.355	3.524	0.984	0.0	6.823	3.911	1.009
gluon_resnet101_v1d	222	2	0.0	16.16	19.739	8.242	0.0	11.917	22.11	8.095
resnet50d	222	2	0.0	14.798	18.015	7.193	0.0	11.302	16.708	5.924
tf_efficientnet_b2	222	2	0.0	2.03	23.637	2.949	0.0	1.441	23.256	2.522
regnetx_080	222	2	0.0	9.39	14.467	4.635	0.0	8.735	14.711	4.239
xcit_tiny_12_p16_224	222	1	0.0	34.468	9.66	6.178	0.0	27.292	9.31	5.382
tf_efficientnet_b1_ap	222	2	0.0	2.868	25.386	4.117	0.0	1.938	25.968	3.547
seresnext26t_32x4d	222	2	0.0	19.958	21.042	10.338	0.0	15.636	21.378	9.232
xcit_nano_12_p16_224_dist	222	1	0.0	28.104	8.27	4.836	0.0	21.006	7.525	3.898
resnetv2_101	222	1	0.0	4.309	16.491	2.339	0.0	3.261	16.765	1.898
tf_efficientnet_lite3	222	2	0.0	4.937	17.907	0.643	0.0	1.755	17.402	0.558
tf_inception_v3	222	2	0.0	11.158	22.424	8.195	0.0	7.478	26.066	9.31
selecsls42b	222	2	0.0	5.278	12.2	2.476	0.0	2.816	14.895	2.122
tf_efficientnetv2_b3	222	2	0.0	7.242	24.898	6.181	0.0	4.845	27.127	5.829
resnext50_32x4d	222	2	0.0	18.347	18.743	8.275	0.0	13.58	19.236	7.536
xcit_nano_12_p16_224_dist	222	2	0.0	45.757	12.469	9.102	0.0	35.542	12.696	8.186
xcit_tiny_12_p16_224	222	2	0.0	52.75	17.399	13.512	0.0	42.431	15.651	10.839
xcit_nano_12_p8_224	222	1	0.0	31.247	9.256	5.715	0.0	24.293	9.671	5.425
resnetv2_101	222	2	0.0	3.916	22.583	3.601	0.0	3.326	21.751	3.006
xcit_nano_12_p8_224	222	2	0.0	50.576	16.504	12.644	0.0	41.737	13.338	9.212
efficientnet_b1	222	-1	0.0	11.131	38.949	11.946	0.0	9.049	37.48	10.512
efficientnet_b0	222	-1	0.0	12.402	33.02	11.774	0.0	10.437	32.433	10.838
cspdarknet53	222	-1	0.0	15.872	3.461	1.266	0.0	13.973	3.242	1.148
efficientnet_b2_pruned	222	-1	0.0	10.477	33.2	9.717	0.0	9.049	32.652	8.844
efficientnet_b2	222	-1	0.0	13.672	15.769	5.462	0.0	10.974	14.447	4.682
efficientnet_b3_pruned	222	-1	0.0	12.31	42.626	15.234	0.0	10.477	41.114	13.56
ecaresnet50d_pruned	222	-1	0.0	5.487	5.043	0.919	0.0	4.95	4.762	0.876
ecaresnetlight	222	-1	0.0	4.584	9.534	1.506	0.0	4.937	8.704	1.398
ecaresnet50t	222	-1	0.0	4.819	6.85	1.151	0.0	5.251	6.317	1.079
efficientnet_em	222	-1	0.0	8.787	3.022	1.053	0.0	7.177	2.976	1.009
densenet169	222	-1	0.0	10.608	4.239	1.191	0.0	9.416	4.065	1.102
dm_nfnet_f0	222	-1	0.0	4.57	11.826	2.412	0.0	4.413	10.525	2.05
eca_nfnet_l1	222	-1	0.0	4.034	12.583	2.259	0.0	4.439	11.389	1.929
fbnetv3_g	222	-1	0.0	14.17	17.946	6.459	0.0	12.847	18.386	6.304
gcresnext26ts	222	-1	0.0	4.819	23.777	4.498	0.0	4.937	22.208	4.082
gcresnext50ts	222	-1	0.0	4.819	24.741	4.12	0.0	4.295	22.897	3.708
gluon_resnet101_v1c	222	-1	0.0	7.059	5.358	1.363	0.0	6.207	5.041	1.249
efficientnet_b0	222	0	0.0	1.257	31.557	4.388	0.0	0.786	31.649	3.756
gluon_resnet101_v1s	222	-1	0.0	7.465	6.906	1.676	0.0	6.836	6.417	1.53
gluon_resnet50_v1b	222	-1	0.0	6.915	8.436	1.918	0.0	6.103	7.901	1.798
efficientnet_b2_pruned	222	0	0.0	12.179	25.801	0.591	0.0	8.263	26.434	0.577
efficientnet_b3_pruned	222	0	0.0	1.231	28.304	2.086	0.0	0.969	29.155	1.863
efficientnet_b1	222	0	0.0	0.668	21.775	1.184	0.0	0.694	22.929	1.242
efficientnet_b2	222	0	0.0	0.891	30.334	2.728	0.0	0.458	32.09	2.867
legacy_seresnet34	222	-1	0.0	11.354	1.913	0.601	0.0	9.639	1.772	0.541
ecaresnet50d_pruned	222	0	0.0	2.279	25.775	2.319	0.0	2.645	23.994	1.977
lambda_resnet50ts	222	-1	0.0	4.924	25.881	4.642	0.0	4.322	24.027	4.214
efficientnet_em	222	0	0.0	2.567	20.996	1.165	0.0	2.187	21.771	1.076
ecaresnetlight	222	0	0.0	3.051	28.855	5.302	0.0	3.012	26.974	4.947
mobilenetv2_100	222	-1	0.0	7.163	4.731	1.699	0.0	5.998	4.647	1.632
gcresnext26ts	222	0	0.0	5.16	31.479	9.729	0.0	5.042	30.827	9.451
efficientnet_b0	222	1	0.0	5.317	27.379	6.743	0.0	3.091	28.548	5.942
mobilenetv3_rw	222	-1	0.0	11.852	10.659	3.957	0.0	9.128	10.136	3.62
cspdarknet53	222	0	0.0	2.397	16.542	0.357	0.0	2.122	16.876	0.321
ecaresnet50t	222	0	0.0	3.483	24.144	4.787	0.0	3.68	22.688	4.5
gcresnext50ts	222	0	0.0	2.095	27.086	2.766	0.0	1.755	25.673	2.18
efficientnet_b2_pruned	222	1	0.0	1.205	22.345	1.284	0.0	0.969	23.393	1.208
efficientnet_b3_pruned	222	1	0.0	2.122	25.914	2.983	0.0	1.218	26.797	2.919
regnety_016	222	-1	0.0	5.356	10.063	2.047	0.0	4.426	9.255	1.839
efficientnet_b1	222	1	0.0	1.1	21.144	1.994	0.0	0.917	22.438	1.859
legacy_seresnet34	222	0	0.0	3.182	14.135	0.796	0.0	2.632	16.033	0.75
efficientnet_b2	222	1	0.0	1.925	26.42	3.694	0.0	1.323	26.609	3.426
ecaresnet50d_pruned	222	1	0.0	3.706	17.011	1.818	0.0	2.776	16.02	1.813
mobilenetv2_100	222	0	0.0	0.733	25.901	2.517	0.0	0.498	22.792	1.666
gluon_resnet50_v1b	222	0	0.0	2.842	22.412	3.218	0.0	2.58	21.609	2.86
efficientnet_b0	222	2	0.0	7.569	23.223	6.601	0.0	5.291	22.942	5.315
gcresnext26ts	222	1	0.0	10.856	25.153	10.036	0.0	8.84	26.365	9.682
mobilenetv3_rw	222	0	0.0	1.847	12.392	1.181	0.0	1.048	8.831	0.887
efficientnet_em	222	1	0.0	3.916	17.136	2.801	0.0	3.182	18.228	2.563
resnet101d	222	-1	0.0	4.963	5.376	0.977	0.0	5.12	5.026	0.931
ecaresnetlight	222	1	0.0	6.325	26.891	6.341	0.0	5.487	27.953	7.285
efficientnet_b2_pruned	222	2	0.0	1.82	26.172	1.073	0.0	1.689	25.158	0.822
efficientnet_b3_pruned	222	2	0.0	2.108	24.688	2.808	0.0	1.545	24.446	2.566
gluon_resnet101_v1c	222	0	0.0	3.968	23.391	3.081	0.0	3.143	23.201	2.83
regnety_016	222	0	0.0	2.855	15.316	1.718	0.0	2.41	15.793	1.509
efficientnet_b1	222	2	0.0	4.649	22.479	4.016	0.0	2.606	23.64	3.742
legacy_seresnet34	222	1	0.0	5.16	16.407	2.629	0.0	3.732	17.453	2.33
resnetblur50	222	-1	0.0	6.915	8.45	1.847	0.0	5.932	7.896	1.732
resnetrs50	222	-1	0.0	4.924	6.722	1.151	0.0	4.597	6.2	1.07
mobilenetv2_100	222	1	0.0	0.917	22.614	2.442	0.0	0.524	20.987	1.894
mobilenetv3_rw	222	1	0.0	14.419	9.654	3.432	0.0	11.079	7.425	2.786
efficientnet_b2	222	2	0.0	3.222	21.821	3.756	0.0	2.37	21.421	3.087
gcresnext50ts	222	1	0.0	5.631	18.563	3.142	0.0	4.872	18.573	2.727
resnetv2_101x1_bitm_in21k	222	-1	0.0	1.65	13.149	4.546	0.0	1.152	13.118	4.48
gcresnext26ts	222	2	0.0	18.426	25.342	12.201	0.0	14.628	25.138	11.17
cspdarknet53	222	1	0.0	2.423	13.146	0.569	0.0	1.65	13.932	0.524
ecaresnet50d_pruned	222	2	0.0	5.055	14.333	2.499	0.0	5.605	12.798	2.817
resnext50d_32x4d	222	-1	0.0	5.107	6.518	1.264	0.0	5.199	5.969	1.183
semnasnet_075	222	-1	0.0	10.555	4.924	1.645	0.0	8.958	4.676	1.529
ssl_resnet18	222	-1	0.0	5.88	9.801	1.983	0.0	5.684	9.09	1.834
ecaresnet50t	222	1	0.0	7.792	18.859	5.432	0.0	7.163	21.187	5.857
gluon_resnet50_v1b	222	1	0.0	6.299	19.596	5.208	0.0	5.932	18.947	4.576
efficientnet_em	222	2	0.0	2.737	21.75	2.852	0.0	2.122	20.293	2.337
regnety_016	222	1	0.0	5.33	16.107	3.091	0.0	4.636	16.735	2.758
mobilenetv3_rw	222	2	0.0	31.443	9.653	5.426	0.0	22.093	8.712	4.71
legacy_seresnet34	222	2	0.0	8.827	22.657	5.533	0.0	6.823	20.954	4.844
mobilenetv2_100	222	2	0.0	1.716	20.483	3.094	0.0	0.838	19.84	2.302
ecaresnetlight	222	2	0.0	11.328	22.32	7.847	0.0	9.167	21.776	7.349
tf_efficientnet_el	222	-1	0.0	11.001	3.196	1.156	0.0	9.822	3.087	1.091
tf_efficientnetv2_b0	222	-1	0.0	10.856	45.326	14.584	0.0	10.162	40.505	11.755
tf_mobilenetv3_large_075	222	-1	0.0	11.996	16.392	6.059	0.0	9.639	15.386	5.395
tf_mixnet_l	222	-1	0.0	14.995	10.785	3.947	0.0	10.948	10.066	3.45
semnasnet_075	222	0	0.0	0.419	13.331	0.829	0.0	0.432	14.058	0.823
ssl_resnet18	222	0	0.0	4.754	17.829	3.073	0.0	3.798	17.521	2.646
tf_mobilenetv3_small_075	222	-1	0.0	10.974	15.03	5.676	0.0	9.259	13.952	5.093
resnetblur50	222	0	0.0	3.182	22.219	3.981	0.0	3.038	21.933	3.742
gcresnext50ts	222	2	0.0	12.14	17.314	4.504	0.0	9.481	17.44	4.134
resnet101d	222	0	0.0	5.173	25.911	5.879	0.0	4.898	24.816	5.53
resnetrs50	222	0	0.0	3.3	23.261	3.565	0.0	3.235	22.795	3.45
regnety_016	222	2	0.0	12.258	15.103	5.144	0.0	7.897	15.659	4.246
tf_mobilenetv3_small_075	222	0	0.0	1.794	9.198	0.879	0.0	1.296	7.82	0.814
tf_efficientnetv2_b0	222	0	0.0	3.942	29.827	5.351	0.0	3.182	29.781	5.151
ssl_resnet18	222	1	0.0	8.25	16.662	4.818	0.0	6.731	16.936	4.183
vgg13_bn	222	-1	0.0	19.644	8.041	3.331	0.0	18.059	7.639	3.004
gluon_resnet50_v1b	222	2	0.0	13.855	18.396	7.186	0.0	11.027	17.998	6.058
cspdarknet53	222	2	0.0	2.92	11.879	0.881	0.0	1.977	13.062	0.792
gluon_resnet101_v1c	222	1	0.0	6.142	16.913	3.2	0.0	4.728	18.048	3.142
tf_mobilenetv3_large_075	222	0	0.0	1.48	12.808	1.573	0.0	1.244	9.665	1.26
semnasnet_075	222	1	0.0	0.93	18.947	2.179	0.0	0.655	20.261	2.233
resnext50d_32x4d	222	0	0.0	4.61	23.373	4.805	0.0	3.994	21.677	4.299
xcit_nano_12_p8_224_dist	222	-1	0.0	11.092	0.346	0.038	0.0	9.534	0.332	0.037
xcit_tiny_12_p16_384_dist	222	-1	0.0	20.272	0.162	0.024	0.0	11.406	0.157	0.022
resnetv2_101x1_bitm_in21k	222	0	0.0	4.256	0.097	0.008	0.0	3.169	0.094	0.005
xcit_tiny_12_p16_224_dist	222	-1	0.0	20.272	0.162	0.024	0.0	11.406	0.157	0.022
xcit_tiny_24_p16_224	222	-1	0.0	0.196	nan	0.0	0.0	0.0	nan	0.0
ecaresnet50t	222	2	0.0	15.335	16.165	6.536	0.0	12.978	19.193	7.1
tf_mobilenetv3_small_075	222	1	0.0	12.362	6.868	2.517	0.0	8.709	7.128	2.297
tf_mixnet_l	222	0	0.0	2.724	17.28	0.756	0.0	1.493	17.908	0.685
ssl_resnet18	222	2	0.0	14.366	15.58	6.171	0.0	11.027	16.367	5.533
tf_efficientnetv2_b0	222	1	0.0	10.634	25.486	8.274	0.0	7.452	27.83	8.282
resnetblur50	222	1	0.0	7.019	17.597	5.047	0.0	5.723	19.814	4.707
semnasnet_075	222	2	0.0	1.716	14.09	2.202	0.0	1.467	16.146	1.948
tf_efficientnet_el	222	0	0.0	2.226	19.443	1.399	0.0	1.951	18.045	0.948
tf_mobilenetv3_large_075	222	1	0.0	14.772	11.384	3.74	0.0	10.071	9.694	3.207
tf_mobilenetv3_small_075	222	2	0.0	23.808	8.471	4.224	0.0	17.863	7.315	3.546
resnetrs50	222	1	0.0	5.657	19.437	4.252	0.0	5.671	20.408	4.485
xcit_tiny_12_p16_384_dist	222	0	0.0	9.35	4.604	1.509	0.0	8.368	4.713	1.412
xcit_tiny_12_p16_224_dist	222	0	0.0	9.35	4.604	1.509	0.0	8.368	4.713	1.412
tf_efficientnetv2_b0	222	2	0.0	20.809	23.97	10.931	0.0	14.209	25.176	9.835
resnext50d_32x4d	222	1	0.0	8.735	20.265	6.03	0.0	8.028	18.997	5.426
resnet101d	222	1	0.0	7.111	20.859	5.524	0.0	5.657	23.869	5.989
tf_mobilenetv3_large_075	222	2	0.0	30.304	13.371	6.416	0.0	21.739	11.899	5.181
xcit_nano_12_p8_224_dist	222	0	0.0	8.355	3.524	0.984	0.0	6.823	3.911	1.009
xcit_tiny_24_p16_224	222	0	0.0	2.279	nan	0.001	0.0	0.38	nan	0.001
tf_mixnet_l	222	1	0.0	1.493	16.034	1.263	0.0	0.917	16.431	0.987
gluon_resnet101_v1c	222	2	0.0	11.865	17.659	5.874	0.0	9.442	17.648	5.296
resnetblur50	222	2	0.0	14.798	14.747	6.097	0.0	10.293	20.293	6.722
xcit_tiny_12_p16_384_dist	222	1	0.0	34.468	9.66	6.178	0.0	27.292	9.31	5.382
resnetv2_101x1_bitm_in21k	222	1	0.0	1.414	nan	0.0	0.0	0.065	nan	0.0
xcit_tiny_12_p16_224_dist	222	1	0.0	34.468	9.66	6.178	0.0	27.292	9.31	5.382
tf_efficientnet_el	222	1	0.0	2.239	17.452	1.281	0.0	1.637	16.538	1.026
resnetrs50	222	2	0.0	11.276	16.888	5.391	0.0	9.023	19.344	5.788
xcit_tiny_12_p16_384_dist	222	2	0.0	52.75	17.399	13.512	0.0	42.431	15.651	10.839
resnext50d_32x4d	222	2	0.0	21.32	17.361	7.971	0.0	15.715	19.503	8.068
xcit_tiny_12_p16_224_dist	222	2	0.0	52.75	17.399	13.512	0.0	42.431	15.651	10.839
tf_mixnet_l	222	2	0.0	4.715	14.063	2.654	0.0	3.051	14.352	1.96
xcit_tiny_24_p16_224	222	1	0.0	10.647	nan	0.018	0.0	1.519	nan	0.013
resnet101d	222	2	0.0	16.16	19.739	8.242	0.0	11.917	22.11	8.095
xcit_nano_12_p8_224_dist	222	1	0.0	31.247	9.256	5.715	0.0	24.293	9.671	5.425
resnetv2_101x1_bitm_in21k	222	2	0.0	1.27	nan	0.0	0.0	0.105	nan	0.0
tf_efficientnet_el	222	2	0.0	3.876	18.954	2.686	0.0	2.357	19.045	2.275
xcit_tiny_24_p16_224	222	2	0.0	25.55	3.104	0.061	0.0	16.606	3.446	0.055
xcit_nano_12_p8_224_dist	222	2	0.0	50.576	16.504	12.644	0.0	41.737	13.338	9.212
ese_vovnet19b_dw	222	-1	0.0	7.805	5.577	1.333	0.0	7.596	5.246	1.24
fbnetv3_d	222	-1	0.0	13.188	36.82	14.709	0.0	11.524	35.467	13.461
adv_inception_v3	222	-1	0.0	12.795	3.266	1.237	0.0	9.678	3.149	1.145
fbnetv3_b	222	-1	0.0	16.265	24.578	10.534	0.0	14.379	23.681	9.683
ese_vovnet39b	222	-1	0.0	11.734	2.751	0.938	0.0	10.974	2.636	0.877
convmixer_1024_20_ks9_p14	222	-1	0.0	0.393	nan	0.0	0.0	0.0	nan	0.0
efficientnet_lite0	222	-1	0.0	13.502	4.335	1.606	0.0	10.621	4.169	1.474
efficientnet_es	222	-1	0.0	14.209	2.67	1.006	0.0	11.564	2.648	0.941
gcresnet33ts	222	-1	0.0	4.859	28.028	5.505	0.0	4.531	26.05	4.873
gernet_s	222	-1	0.0	3.916	5.979	1.1	0.0	3.497	5.525	0.999
fbnetv3_g	222	-1	0.0	14.17	17.946	6.459	0.0	12.847	18.386	6.304
gcresnet50t	222	-1	0.0	7.163	7.748	1.813	0.0	6.404	7.224	1.654
eca_nfnet_l1	222	-1	0.0	4.034	12.583	2.259	0.0	4.439	11.389	1.929
gluon_resnet50_v1c	222	-1	0.0	7.281	7.175	1.863	0.0	6.574	6.693	1.721
gluon_seresnext50_32x4d	222	-1	0.0	6.6	8.111	1.787	0.0	6.299	7.529	1.658
hardcorenas_b	222	-1	0.0	6.548	8.321	2.621	0.0	5.147	8.208	2.495
lcnet_100	222	-1	0.0	14.589	34.526	14.035	0.0	11.079	32.274	12.167
legacy_seresnext50_32x4d	222	-1	0.0	7.281	6.807	1.545	0.0	7.032	6.289	1.42
ese_vovnet19b_dw	222	0	0.0	7.805	23.864	7.128	0.0	5.932	28.869	8.904
fbnetv3_b	222	0	0.0	2.816	nan	0.194	0.0	0.838	nan	0.228
fbnetv3_d	222	0	0.0	0.799	21.661	1.681	0.0	0.576	23.27	1.648
adv_inception_v3	222	0	0.0	2.658	33.237	7.504	0.0	2.2	27.546	5.763
gcresnet33ts	222	0	0.0	3.628	34.996	7.094	0.0	2.92	33.777	6.398
efficientnet_es	222	0	0.0	3.392	15.345	1.086	0.0	2.344	16.395	1.009
efficientnet_lite0	222	0	0.0	0.694	22.81	1.509	0.0	0.406	23.225	1.375
gernet_s	222	0	0.0	2.397	23.352	2.709	0.0	1.768	23.8	2.947
regnetz_b16	222	-1	0.0	7.923	38.422	10.749	0.0	7.347	37.381	9.965
ese_vovnet39b	222	0	0.0	2.816	24.963	2.491	0.0	2.266	26.695	2.573
gcresnet50t	222	0	0.0	1.257	19.369	2.137	0.0	1.021	19.967	1.66
ese_vovnet19b_dw	222	1	0.0	23.415	23.627	12.859	0.0	17.365	23.574	11.089
res2next50	222	-1	0.0	6.548	8.36	1.828	0.0	5.919	7.794	1.72
gluon_resnet50_v1c	222	0	0.0	1.899	18.956	2.778	0.0	1.729	18.476	2.2
res2net50_26w_6s	222	-1	0.0	7.15	8.225	1.941	0.0	6.522	7.647	1.782
resnet101	222	-1	0.0	6.456	8.518	1.93	0.0	5.828	7.962	1.795
lcnet_100	222	0	0.0	4.295	16.31	0.687	0.0	2.567	14.404	0.591
hardcorenas_b	222	0	0.0	1.035	6.502	0.505	0.0	0.602	5.098	0.382
fbnetv3_b	222	1	0.0	15.977	nan	0.202	0.0	4.937	2.882	0.152
fbnetv3_d	222	1	0.0	3.418	17.899	3.056	0.0	1.899	19.244	2.622
adv_inception_v3	222	1	0.0	5.474	24.447	6.848	0.0	4.034	28.649	7.637
resnet32ts	222	-1	0.0	4.557	33.536	6.326	0.0	3.785	30.988	5.545
gluon_seresnext50_32x4d	222	0	0.0	4.217	18.409	3.446	0.0	3.719	18.945	3.241
convmixer_1024_20_ks9_p14	222	0	0.0	3.169	60.249	14.475	0.0	1.637	60.244	14.439
ese_vovnet19b_dw	222	2	0.0	34.547	24.171	14.962	0.0	24.751	23.106	12.653
gcresnet33ts	222	1	0.0	4.348	36.014	9.5	0.0	4.034	30.451	7.375
legacy_seresnext50_32x4d	222	0	0.0	3.169	20.056	1.898	0.0	2.803	20.473	1.798
regnetz_b16	222	0	0.0	5.605	35.045	10.291	0.0	5.068	32.784	9.435
tf_efficientnet_b0_ap	222	-1	0.0	12.271	34.178	12.173	0.0	10.791	33.967	11.3
fbnetv3_b	222	2	0.0	17.457	16.352	0.341	0.0	4.95	15.651	0.321
efficientnet_lite0	222	1	0.0	2.541	22.308	1.808	0.0	0.864	21.696	1.233
efficientnet_es	222	1	0.0	4.256	16.087	2.69	0.0	3.208	16.538	2.132
gernet_s	222	1	0.0	5.251	18.756	4.232	0.0	4.204	22.196	5.305
ese_vovnet39b	222	1	0.0	6.823	14.491	3.147	0.0	4.754	16.758	3.349
fbnetv3_d	222	2	0.0	9.154	15.395	3.91	0.0	5.225	16.825	3.562
gcresnet50t	222	1	0.0	5.029	14.533	3.023	0.0	3.104	17.327	2.767
adv_inception_v3	222	2	0.0	11.158	22.424	8.195	0.0	7.478	26.066	9.31
tf_efficientnet_lite2	222	-1	0.0	7.137	5.18	1.838	0.0	5.985	5.119	1.777
gluon_resnet50_v1c	222	1	0.0	5.54	17.691	3.962	0.0	3.772	16.923	3.141
tf_mobilenetv3_large_100	222	-1	0.0	10.149	11.849	4.003	0.0	9.062	11.181	3.59
res2next50	222	0	0.0	5.671	21.37	4.147	0.0	4.623	19.368	3.863
lcnet_100	222	1	0.0	2.711	13.589	1.766	0.0	2.122	10.713	1.47
hardcorenas_b	222	1	0.0	5.448	7.543	1.744	0.0	3.824	5.827	1.374
tf_efficientnet_b0_ap	222	0	0.0	0.746	37.966	4.669	0.0	0.76	38.877	4.898
resnet32ts	222	0	0.0	5.029	27.692	7.562	0.0	4.61	27.177	7.268
gcresnet33ts	222	2	0.0	8.434	24.856	8.204	0.0	6.993	29.065	9.211
regnetz_b16	222	1	0.0	9.442	29.507	10.956	0.0	7.452	31.005	10.863
resnet101	222	0	0.0	3.575	19.723	2.956	0.0	3.51	19.052	2.806
res2net50_26w_6s	222	0	0.0	3.418	15.996	1.85	0.0	2.842	16.731	1.778
gluon_seresnext50_32x4d	222	1	0.0	8.486	17.189	4.851	0.0	6.535	19.433	5.292
tf_efficientnet_lite2	222	0	0.0	1.179	28.55	2.251	0.0	0.563	25.589	1.752
xception	222	-1	0.0	9.442	8.282	2.497	0.0	8.486	7.737	2.278
tf_mobilenetv3_large_100	222	0	0.0	1.48	11.266	1.163	0.0	1.375	7.29	0.839
ese_vovnet39b	222	2	0.0	17.745	15.632	6.52	0.0	12.048	17.392	6.549
efficientnet_es	222	2	0.0	9.783	15.421	3.852	0.0	6.221	17.198	3.714
efficientnet_lite0	222	2	0.0	14.104	17.657	0.888	0.0	4.557	19.035	0.913
gernet_s	222	2	0.0	8.119	17.114	5.093	0.0	5.304	20.886	5.858
convmixer_1024_20_ks9_p14	222	1	0.0	1.624	40.203	8.245	0.0	1.427	38.173	7.721
tf_efficientnet_b0_ap	222	1	0.0	2.501	32.004	5.926	0.0	1.716	32.987	5.282
legacy_seresnext50_32x4d	222	1	0.0	4.95	18.45	3.144	0.0	3.759	18.816	2.907
gcresnet50t	222	2	0.0	5.788	15.294	3.691	0.0	3.837	18.606	3.805
lcnet_100	222	2	0.0	12.677	11.968	3.313	0.0	8.565	9.218	2.721
gluon_resnet50_v1c	222	2	0.0	10.974	17.944	6.091	0.0	7.334	17.832	5.069
hardcorenas_b	222	2	0.0	16.213	7.094	2.964	0.0	11.668	6.204	2.48
tf_mobilenetv3_large_100	222	1	0.0	13.62	8.419	3.215	0.0	10.581	7.15	2.751
tf_efficientnet_lite2	222	1	0.0	1.427	23.419	1.222	0.0	0.825	22.467	1.065
res2next50	222	1	0.0	12.362	23.177	7.917	0.0	8.918	20.5	6.571
regnetz_b16	222	2	0.0	14.825	26.666	12.176	0.0	11.773	26.966	11.201
resnet32ts	222	1	0.0	8.683	25.185	8.478	0.0	7.779	25.744	8.231
tf_efficientnet_b0_ap	222	2	0.0	4.584	30.445	7.185	0.0	3.667	32.066	6.288
xception	222	0	0.0	2.698	26.431	3.956	0.0	2.148	27.313	3.535
gluon_seresnext50_32x4d	222	2	0.0	19.539	15.917	7.033	0.0	13.803	17.546	6.641
tf_mobilenetv3_large_100	222	2	0.0	30.186	9.279	5.518	0.0	23.625	7.98	4.363
tf_efficientnet_lite2	222	2	0.0	4.832	16.686	0.685	0.0	3.693	18.136	0.703
resnet101	222	1	0.0	4.963	19.263	3.821	0.0	4.754	18.945	3.173
res2net50_26w_6s	222	1	0.0	6.731	15.694	3.391	0.0	5.906	16.62	3.43
legacy_seresnext50_32x4d	222	2	0.0	12.467	15.663	4.818	0.0	7.884	17.718	4.319
resnet32ts	222	2	0.0	13.895	25.356	10.407	0.0	11.001	23.945	8.695
convmixer_1024_20_ks9_p14	222	2	0.0	3.824	36.271	9.638	0.0	2.37	34.882	8.667
res2next50	222	2	0.0	26.1	19.698	9.891	0.0	19.133	18.499	8.503
xception	222	1	0.0	3.981	29.803	5.687	0.0	2.724	29.896	5.147
resnet101	222	2	0.0	7.412	21.246	5.832	0.0	6.967	22.115	5.844
res2net50_26w_6s	222	2	0.0	12.297	14.801	4.633	0.0	9.416	16.873	4.725
xception	222	2	0.0	9.796	21.497	6.46	0.0	6.836	22.73	6.108
gluon_resnet34_v1b	222	-1	0.0	5.828	9.51	2.001	0.0	5.566	8.801	1.875
gluon_resnet50_v1d	222	-1	0.0	5.291	7.062	1.368	0.0	5.579	6.404	1.27
mobilenetv2_110d	222	-1	0.0	3.955	4.593	1.567	0.0	2.999	4.582	1.538
mobilenetv2_120d	222	-1	0.0	1.074	5.806	1.913	0.0	1.008	5.801	1.874
gluon_resnet50_v1s	222	-1	0.0	7.163	6.396	1.561	0.0	6.365	5.952	1.427
mobilenetv2_140	222	-1	0.0	12.153	5.188	1.919	0.0	9.364	5.036	1.771
fbnetv3_g	222	-1	0.0	14.17	17.946	6.459	0.0	12.847	18.386	6.304
hardcorenas_e	222	-1	0.0	12.585	9.693	3.268	0.0	11.734	9.23	3.033
gluon_resnet101_v1s	222	-1	0.0	7.465	6.906	1.676	0.0	6.836	6.417	1.53
densenet169	222	-1	0.0	10.608	4.239	1.191	0.0	9.416	4.065	1.102
convnext_tiny	222	-1	0.0	9.625	28.934	7.692	0.0	8.473	29.064	7.424
gluon_resnext50_32x4d	222	-1	0.0	6.103	8.96	1.788	0.0	5.618	8.281	1.655
mobilenetv3_large_100_miil_in21k	222	-1	0.0	9.756	12.145	3.95	0.0	8.669	11.512	3.549
eca_nfnet_l1	222	-1	0.0	4.034	12.583	2.259	0.0	4.439	11.389	1.929
dm_nfnet_f0	222	-1	0.0	4.57	11.826	2.412	0.0	4.413	10.525	2.05
mobilenetv2_050	222	-1	0.0	5.553	5.798	1.919	0.0	4.597	5.746	1.841
mnasnet_small	222	-1	0.0	7.137	6.135	1.929	0.0	5.579	5.898	1.795
mixnet_s	222	-1	0.0	16.331	8.475	3.25	0.0	15.1	8.071	2.974
mixnet_l	222	-1	0.0	15.073	10.559	3.813	0.0	11.59	9.812	3.344
mixnet_xl	222	-1	0.0	13.174	11.881	3.379	0.0	11.734	11.646	3.125
lambda_resnet50ts	222	-1	0.0	4.924	25.881	4.642	0.0	4.322	24.027	4.214
regnetx_032	222	-1	0.0	5.029	9.184	1.94	0.0	4.413	8.656	1.796
regnetx_064	222	-1	0.0	5.684	8.273	1.885	0.0	4.911	7.799	1.751
repvgg_b1g4	222	-1	0.0	0.406	nan	0.0	0.0	0.0	nan	0.0
resnet18d	222	-1	0.0	4.767	6.923	1.211	0.0	4.715	6.337	1.113
repvgg_b1	222	-1	0.0	0.432	nan	0.0	0.0	0.0	nan	0.0
res2net50_14w_8s	222	-1	0.0	6.273	8.027	1.745	0.0	5.893	7.442	1.608
gluon_resnet34_v1b	222	0	0.0	3.772	9.729	1.319	0.0	3.732	9.851	1.258
repvgg_b3	222	-1	0.0	0.393	nan	0.0	0.0	0.0	nan	0.0
mobilenetv2_110d	222	0	0.0	0.982	22.867	2.36	0.0	0.524	23.028	2.194
mobilenetv2_120d	222	0	0.0	0.812	19.545	0.807	0.0	0.485	19.68	0.794
mobilenetv2_140	222	0	0.0	0.851	31.162	3.733	0.0	0.485	28.925	3.514
hardcorenas_e	222	0	0.0	1.192	2.468	0.155	0.0	0.917	2.065	0.137
resnetv2_50x1_bitm	222	-1	0.0	5.107	13.262	4.707	0.0	4.282	13.209	4.638
mobilenetv2_050	222	0	0.0	0.773	32.225	4.617	0.0	0.498	30.576	3.902
mnasnet_small	222	0	0.0	0.602	18.084	0.857	0.0	0.511	18.103	0.619
gluon_resnet50_v1d	222	0	0.0	3.903	21.048	3.657	0.0	3.732	22.047	3.832
resnet18d	222	0	0.0	4.518	17.937	3.323	0.0	4.243	17.646	3.002
mixnet_s	222	0	0.0	5.016	13.918	1.015	0.0	1.663	12.343	0.816
mixnet_l	222	0	0.0	1.021	18.238	1.464	0.0	0.956	18.831	1.197
gluon_resnet50_v1s	222	0	0.0	2.226	18.544	2.394	0.0	2.213	17.148	1.879
regnetx_032	222	0	0.0	4.374	18.16	2.8	0.0	3.549	16.473	2.372
gluon_resnet34_v1b	222	1	0.0	8.683	11.86	3.059	0.0	5.788	13.553	3.117
gluon_resnext50_32x4d	222	0	0.0	3.759	25.126	5.216	0.0	3.248	24.076	4.708
mobilenetv2_110d	222	1	0.0	0.498	20.76	2.336	0.0	0.576	20.317	2.208
mobilenetv2_120d	222	1	0.0	1.414	18.356	1.249	0.0	0.995	19.107	1.424
mobilenetv2_140	222	1	0.0	1.689	19.297	1.665	0.0	1.008	19.093	1.322
resnet18d	222	1	0.0	8.25	18.561	5.547	0.0	6.849	18.9	5.338
hardcorenas_e	222	1	0.0	5.605	4.299	1.322	0.0	4.688	4.424	1.231
regnetx_064	222	0	0.0	1.977	17.505	1.776	0.0	1.951	17.01	1.725
res2net50_14w_8s	222	0	0.0	2.973	23.238	3.495	0.0	2.344	21.495	2.827
mnasnet_small	222	1	0.0	0.943	14.947	1.111	0.0	0.694	15.843	0.938
mobilenetv2_050	222	1	0.0	1.061	28.753	3.886	0.0	0.681	27.309	3.295
resnetv2_50x1_bitm	222	0	0.0	9.102	0.295	0.063	0.0	6.718	0.301	0.06
gluon_resnet34_v1b	222	2	0.0	19.225	13.552	5.518	0.0	12.507	15.282	5.328
repvgg_b1g4	222	0	0.0	2.082	20.35	3.017	0.0	1.323	19.216	2.406
mixnet_s	222	1	0.0	0.995	25.073	3.108	0.0	0.786	21.477	2.377
gluon_resnet50_v1d	222	1	0.0	7.7	16.864	4.623	0.0	5.841	19.29	5.072
mobilenetv2_110d	222	2	0.0	0.851	20.211	2.123	0.0	0.629	21.154	2.295
regnetx_032	222	1	0.0	7.059	14.705	3.952	0.0	5.697	16.26	3.61
xcit_small_12_p16_224_dist	222	-1	0.0	19.788	0.157	0.021	0.0	11.799	0.152	0.018
mixnet_l	222	1	0.0	2.606	16.359	2.609	0.0	1.742	16.658	1.94
mobilenetv2_120d	222	2	0.0	3.078	18.706	1.52	0.0	1.65	19.265	1.513
mobilenetv2_140	222	2	0.0	2.514	17.205	1.565	0.0	1.519	17.435	1.261
resnet18d	222	2	0.0	17.116	19.686	8.903	0.0	13.698	19.76	8.08
gluon_resnet50_v1s	222	1	0.0	3.601	17.996	2.985	0.0	3.156	18.55	2.644
hardcorenas_e	222	2	0.0	17.103	5.735	2.613	0.0	11.197	5.401	2.268
repvgg_b1	222	0	0.0	1.139	15.6	1.342	0.0	0.93	15.362	1.113
gluon_resnext50_32x4d	222	1	0.0	8.512	19.559	5.875	0.0	6.915	20.14	5.712
mobilenetv2_050	222	2	0.0	1.126	24.299	4.117	0.0	0.799	22.784	3.232
mnasnet_small	222	2	0.0	1.152	13.879	1.113	0.0	0.746	15.234	0.986
resnetv2_50x1_bitm	222	1	0.0	8.054	nan	0.001	0.0	1.414	nan	0.001
mixnet_s	222	2	0.0	1.624	11.865	1.538	0.0	1.061	11.816	1.24
res2net50_14w_8s	222	1	0.0	6.194	19.367	5.341	0.0	4.976	16.981	4.564
regnetx_032	222	2	0.0	11.839	14.891	5.213	0.0	9.56	14.582	4.242
gluon_resnet50_v1d	222	2	0.0	14.798	18.015	7.193	0.0	11.302	16.708	5.924
convnext_tiny	222	0	0.0	5.12	22.219	1.609	0.0	2.554	20.75	1.55
mixnet_l	222	2	0.0	3.405	16.292	3.187	0.0	2.488	15.703	2.34
regnetx_064	222	1	0.0	4.557	25.031	4.1	0.0	4.164	23.502	3.535
repvgg_b1g4	222	1	0.0	6.286	15.725	4.508	0.0	3.706	19.609	4.758
gluon_resnet50_v1s	222	2	0.0	6.351	15.516	3.611	0.0	5.946	16.319	3.577
xcit_small_12_p16_224_dist	222	0	0.0	0.393	nan	0.0	0.0	0.013	nan	0.0
gluon_resnext50_32x4d	222	2	0.0	18.347	18.743	8.275	0.0	13.58	19.236	7.536
resnetv2_50x1_bitm	222	2	0.0	2.75	1.369	0.193	0.0	2.789	0.868	0.09
res2net50_14w_8s	222	2	0.0	13.305	17.542	6.406	0.0	8.84	18.637	6.39
repvgg_b3	222	0	0.0	2.017	17.629	2.361	0.0	1.493	18.699	2.122
regnetx_064	222	2	0.0	10.11	15.544	4.519	0.0	7.465	16.624	4.313
repvgg_b1	222	1	0.0	4.02	13.546	2.473	0.0	2.423	13.41	2.203
xcit_small_12_p16_224_dist	222	1	0.0	13.449	nan	0.035	0.0	4.426	nan	0.032
repvgg_b1g4	222	2	0.0	15.715	17.554	8.018	0.0	10.778	18.694	7.262
convnext_tiny	222	1	0.0	2.973	1.941	0.266	0.0	2.305	1.473	0.184
xcit_small_12_p16_224_dist	222	2	0.0	13.057	1.555	0.08	0.0	12.965	1.807	0.081
repvgg_b1	222	2	0.0	9.102	14.923	4.988	0.0	6.194	15.586	4.45
ghostnet_100	222	-1	0.0	20.469	nan	0.003	0.0	5.697	nan	0.002
hardcorenas_f	222	-1	0.0	9.979	11.117	3.161	0.0	8.565	10.719	2.962
gluon_inception_v3	222	-1	0.0	12.795	3.266	1.237	0.0	9.678	3.149	1.145
mobilenetv3_large_100_miil_in21k	222	-1	0.0	9.756	12.145	3.95	0.0	8.669	11.512	3.549
mobilenetv3_large_100_miil	222	-1	0.0	9.756	12.145	3.95	0.0	8.669	11.512	3.549
densenet169	222	-1	0.0	10.608	4.239	1.191	0.0	9.416	4.065	1.102
nf_resnet50	222	-1	0.0	9.547	12.967	3.848	0.0	9.783	12.045	3.42
mobilenetv3_large_100	222	-1	0.0	9.756	12.145	3.95	0.0	8.669	11.512	3.549
fbnetv3_g	222	-1	0.0	14.17	17.946	6.459	0.0	12.847	18.386	6.304
gluon_resnet101_v1b	222	-1	0.0	6.456	8.518	1.93	0.0	5.828	7.962	1.795
eca_nfnet_l1	222	-1	0.0	4.034	12.583	2.259	0.0	4.439	11.389	1.929
mixnet_xl	222	-1	0.0	13.174	11.881	3.379	0.0	11.734	11.646	3.125
lambda_resnet50ts	222	-1	0.0	4.924	25.881	4.642	0.0	4.322	24.027	4.214
dm_nfnet_f0	222	-1	0.0	4.57	11.826	2.412	0.0	4.413	10.525	2.05
gluon_resnet101_v1s	222	-1	0.0	7.465	6.906	1.676	0.0	6.836	6.417	1.53
regnetx_016	222	-1	0.0	4.728	8.101	1.479	0.0	4.322	7.529	1.383
repvgg_b3	222	1	0.0	2.881	21.215	4.017	0.0	1.755	17.981	2.747
regnety_002	222	-1	0.0	4.675	8.193	1.681	0.0	4.466	7.865	1.657
regnety_032	222	-1	0.0	5.343	8.178	1.638	0.0	4.557	7.708	1.506
nfnet_l0	222	-1	0.0	4.531	13.245	2.557	0.0	4.898	12.046	2.252
repvgg_b0	222	-1	0.0	0.393	nan	0.0	0.0	0.0	nan	0.0
regnety_040	222	-1	0.0	5.055	9.526	1.968	0.0	4.151	8.884	1.793
resnet18	222	-1	0.0	5.88	9.801	1.983	0.0	5.684	9.09	1.834
res2net50_26w_4s	222	-1	0.0	6.64	8.075	1.809	0.0	6.207	7.499	1.712
resnet26	222	-1	0.0	6.469	8.664	1.867	0.0	6.207	8.054	1.738
ghostnet_100	222	0	0.0	1.283	4.784	0.436	0.0	0.904	4.856	0.389
hardcorenas_f	222	0	0.0	17.994	14.856	0.695	0.0	8.211	12.644	0.526
mobilenetv3_large_100_miil_in21k	222	0	0.0	1.218	6.076	0.638	0.0	1.113	5.216	0.447
mobilenetv3_large_100_miil	222	0	0.0	1.218	6.076	0.638	0.0	1.113	5.216	0.447
gluon_inception_v3	222	0	0.0	2.658	33.237	7.504	0.0	2.2	27.546	5.763
mobilenetv3_large_100	222	0	0.0	1.218	6.076	0.638	0.0	1.113	5.216	0.447
regnety_002	222	0	0.0	5.998	6.284	1.747	0.0	5.461	6.036	1.656
regnetx_016	222	0	0.0	2.724	18.078	1.884	0.0	2.397	17.725	1.74
nf_resnet50	222	0	0.0	0.511	nan	0.0	0.0	0.026	nan	0.0
convnext_tiny	222	2	0.0	3.706	2.138	0.321	0.0	2.541	1.943	0.277
resnet18	222	0	0.0	4.754	17.829	3.073	0.0	3.798	17.521	2.646
ghostnet_100	222	1	0.0	2.161	8.124	1.217	0.0	1.362	8.825	1.111
repvgg_b0	222	0	0.0	1.572	19.308	0.96	0.0	1.27	15.524	0.646
hardcorenas_f	222	1	0.0	4.426	9.081	1.762	0.0	3.261	6.873	1.332
resnet26	222	0	0.0	3.064	17.933	3.013	0.0	2.567	17.003	2.571
tf_efficientnet_em	222	-1	0.0	8.159	3.04	1.065	0.0	6.456	2.994	1.014
tf_efficientnet_b1_ns	222	-1	0.0	10.699	37.134	10.969	0.0	8.591	36.005	9.84
mobilenetv3_large_100_miil	222	1	0.0	12.009	5.734	2.309	0.0	8.237	6.078	2.115
mobilenetv3_large_100_miil_in21k	222	1	0.0	12.009	5.734	2.309	0.0	8.237	6.078	2.115
regnety_032	222	0	0.0	3.038	19.335	3.072	0.0	3.091	18.918	2.831
regnety_002	222	1	0.0	12.402	8.833	3.605	0.0	10.411	8.336	3.146
mobilenetv3_large_100	222	1	0.0	12.009	5.734	2.309	0.0	8.237	6.078	2.115
gluon_inception_v3	222	1	0.0	5.474	24.447	6.848	0.0	4.034	28.649	7.637
nfnet_l0	222	0	0.0	0.393	nan	0.0	0.0	0.0	nan	0.0
regnety_040	222	0	0.0	3.392	16.0	2.056	0.0	3.326	16.745	2.005
res2net50_26w_4s	222	0	0.0	3.457	24.296	3.792	0.0	2.973	22.342	3.09
gluon_resnet101_v1b	222	0	0.0	3.575	19.723	2.956	0.0	3.51	19.052	2.806
regnetx_016	222	1	0.0	6.142	15.709	3.173	0.0	4.322	16.311	2.668
ghostnet_100	222	2	0.0	3.903	10.881	2.528	0.0	3.182	14.191	2.717
hardcorenas_f	222	2	0.0	15.754	8.045	3.106	0.0	10.162	6.858	2.546
resnet18	222	1	0.0	8.25	16.662	4.818	0.0	6.731	16.936	4.183
resnet26	222	1	0.0	4.832	16.237	3.023	0.0	3.745	17.11	2.899
regnety_002	222	2	0.0	20.953	11.559	5.814	0.0	17.404	11.227	5.203
nf_resnet50	222	1	0.0	2.842	nan	0.0	0.0	0.34	nan	0.0
mobilenetv3_large_100_miil	222	2	0.0	28.261	8.033	4.793	0.0	19.631	7.396	3.71
mobilenetv3_large_100_miil_in21k	222	2	0.0	28.261	8.033	4.793	0.0	19.631	7.396	3.71
mobilenetv3_large_100	222	2	0.0	28.261	8.033	4.793	0.0	19.631	7.396	3.71
repvgg_b0	222	1	0.0	2.894	15.964	2.412	0.0	1.611	15.627	1.958
tf_efficientnet_b1_ns	222	0	0.0	0.72	32.684	2.143	0.0	0.655	33.276	1.812
gluon_inception_v3	222	2	0.0	11.158	22.424	8.195	0.0	7.478	26.066	9.31
regnetx_016	222	2	0.0	12.323	16.343	5.69	0.0	8.761	16.349	4.561
tf_efficientnet_em	222	-1	0.0	8.159	3.04	1.065	0.0	6.456	2.994	1.014
regnety_032	222	1	0.0	5.788	18.927	4.326	0.0	4.806	18.543	3.823
resnet18	222	2	0.0	14.366	15.58	6.171	0.0	11.027	16.367	5.533
resnet26	222	2	0.0	10.961	15.9	4.95	0.0	7.019	17.947	4.978
res2net50_26w_4s	222	1	0.0	7.334	25.23	5.968	0.0	6.653	22.073	5.399
regnety_040	222	1	0.0	5.657	15.788	3.0	0.0	4.898	16.392	2.937
nf_resnet50	222	2	0.0	0.733	nan	0.0	0.0	0.052	nan	0.0
tf_efficientnet_b1_ns	222	1	0.0	0.576	31.939	2.475	0.0	0.511	32.54	2.09
repvgg_b0	222	2	0.0	8.761	14.398	4.341	0.0	5.042	14.429	3.408
gluon_resnet101_v1b	222	1	0.0	4.963	19.263	3.821	0.0	4.754	18.945	3.173
nfnet_l0	222	1	0.0	0.458	nan	0.0	0.0	0.026	nan	0.0
tf_efficientnet_em	222	0	0.0	2.056	22.979	0.776	0.0	1.702	24.311	0.862
regnety_032	222	2	0.0	11.734	18.181	6.204	0.0	8.499	17.978	5.225
tf_efficientnet_b1_ns	222	2	0.0	2.868	25.386	4.117	0.0	1.938	25.968	3.547
res2net50_26w_4s	222	2	0.0	15.584	20.769	7.883	0.0	12.755	19.913	6.682
regnety_040	222	2	0.0	10.254	15.09	4.222	0.0	8.263	16.415	4.286
repvgg_b3	222	2	0.0	7.858	21.025	5.409	0.0	4.23	14.786	3.045
nfnet_l0	222	2	0.0	7.124	nan	0.004	0.0	0.471	nan	0.001
tf_efficientnet_em	222	1	0.0	3.876	16.267	2.564	0.0	2.894	17.787	2.298
fbnetv3_g	222	-1	0.0	14.17	17.946	6.459	0.0	12.847	18.386	6.304
selecsls60	222	-1	0.0	14.327	5.311	1.966	0.0	11.249	5.214	1.868
mixnet_xl	222	-1	0.0	13.174	11.881	3.379	0.0	11.734	11.646	3.125
densenet169	222	-1	0.0	10.608	4.239	1.191	0.0	9.416	4.065	1.102
resnetv2_50x1_bit_distilled	222	-1	0.0	5.107	13.262	4.707	0.0	4.282	13.209	4.638
resnet51q	222	-1	0.0	5.147	32.137	6.351	0.0	4.57	29.732	5.565
resnetv2_50	222	-1	0.0	18.57	3.168	1.218	0.0	16.409	3.058	1.124
resnetv2_50x1_bitm_in21k	222	-1	0.0	5.107	13.262	4.707	0.0	4.282	13.209	4.638
lambda_resnet50ts	222	-1	0.0	4.924	25.881	4.642	0.0	4.322	24.027	4.214
resnet61q	222	-1	0.0	5.605	35.045	7.216	0.0	4.426	32.071	6.306
seresnet33ts	222	-1	0.0	5.12	27.64	4.795	0.0	4.492	25.512	4.197
resnet50_gn	222	-1	0.0	10.333	7.646	2.538	0.0	9.691	7.106	2.347
resnetv2_101x1_bitm	222	-1	0.0	1.807	13.148	4.545	0.0	1.113	13.122	4.49
gluon_resnet101_v1s	222	-1	0.0	7.465	6.906	1.676	0.0	6.836	6.417	1.53
eca_nfnet_l1	222	-1	0.0	4.034	12.583	2.259	0.0	4.439	11.389	1.929
dm_nfnet_f0	222	-1	0.0	4.57	11.826	2.412	0.0	4.413	10.525	2.05
tf_efficientnetv2_b1	222	-1	0.0	11.131	29.419	10.179	0.0	9.678	28.605	9.49
tf_efficientnetv2_b2	222	-1	0.0	9.992	37.326	11.448	0.0	7.831	34.13	9.731
tf_mobilenetv3_large_minimal_100	222	-1	0.0	11.603	4.02	1.333	0.0	9.914	3.897	1.239
tf_mixnet_m	222	-1	0.0	14.772	12.111	4.373	0.0	11.76	11.423	3.981
tinynet_b	222	-1	0.0	14.34	36.414	14.381	0.0	12.048	32.121	11.543
tv_resnet34	222	-1	0.0	5.828	9.51	2.001	0.0	5.566	8.801	1.875
twins_pcpvt_small	222	-1	0.0	13.004	31.35	10.374	0.0	11.747	30.707	9.754
twins_svt_small	222	-1	0.0	13.96	31.852	11.143	0.0	12.245	31.387	10.448
gluon_resnet101_v1b	222	2	0.0	7.412	21.246	5.832	0.0	6.967	22.115	5.844
twins_svt_base	222	-1	0.0	14.707	29.671	10.502	0.0	13.161	29.124	9.853
xcit_nano_12_p16_224	222	-1	0.0	18.897	0.187	0.023	0.0	11.459	nan	0.02
tf_mobilenetv3_large_minimal_100	222	0	0.0	4.466	2.423	0.181	0.0	1.847	2.336	0.16
tinynet_b	222	0	0.0	1.938	35.825	7.221	0.0	1.113	35.229	6.567
tf_efficientnetv2_b1	222	0	0.0	3.483	32.984	6.112	0.0	2.397	32.945	5.636
tf_efficientnetv2_b2	222	0	0.0	3.143	29.032	3.977	0.0	2.069	30.201	3.941
seresnet33ts	222	0	0.0	3.968	30.641	6.22	0.0	2.947	31.007	5.974
tf_efficientnet_em	222	2	0.0	6.823	15.224	3.526	0.0	4.845	17.437	3.172
tv_resnet34	222	0	0.0	3.772	9.729	1.319	0.0	3.732	9.851	1.258
resnetv2_50	222	0	0.0	2.239	18.078	1.463	0.0	2.37	18.29	1.097
resnetv2_50x1_bit_distilled	222	0	0.0	9.102	0.295	0.063	0.0	6.718	0.301	0.06
resnetv2_50x1_bitm_in21k	222	0	0.0	9.102	0.295	0.063	0.0	6.718	0.301	0.06
xcit_nano_12_p16_224	222	0	0.0	7.36	3.811	1.043	0.0	6.954	3.994	1.025
tf_mixnet_m	222	0	0.0	1.152	13.001	0.961	0.0	0.773	13.978	0.773
selecsls60	222	0	0.0	2.357	17.65	0.519	0.0	1.991	17.524	0.51
resnet50_gn	222	0	0.0	3.3	nan	0.0	0.0	0.354	nan	0.0
twins_svt_small	222	0	0.0	0.314	nan	0.0	0.0	0.0	nan	0.0
resnet51q	222	0	0.0	1.467	29.547	3.756	0.0	1.231	29.427	3.086
twins_pcpvt_small	222	0	0.0	0.393	nan	0.0	0.0	0.0	nan	0.0
tf_mobilenetv3_large_minimal_100	222	1	0.0	1.886	5.084	1.066	0.0	1.401	4.981	0.877
tinynet_b	222	1	0.0	5.448	27.841	7.763	0.0	4.125	29.005	7.445
tf_efficientnetv2_b2	222	1	0.0	4.034	28.451	4.646	0.0	3.117	29.804	4.551
tf_efficientnetv2_b1	222	1	0.0	9.743	28.739	10.777	0.0	6.744	28.642	9.284
xcit_nano_12_p16_224	222	1	0.0	28.104	8.27	4.836	0.0	21.006	7.525	3.898
tv_resnet34	222	1	0.0	8.683	11.86	3.059	0.0	5.788	13.553	3.117
resnetv2_101x1_bitm	222	0	0.0	4.937	0.096	0.004	0.0	3.654	0.09	0.002
seresnet33ts	222	1	0.0	7.019	26.931	8.223	0.0	5.71	26.549	7.536
tf_mixnet_m	222	1	0.0	2.174	14.318	1.876	0.0	1.427	15.827	1.508
tf_mobilenetv3_large_minimal_100	222	2	0.0	4.138	5.874	1.742	0.0	3.313	6.362	1.633
resnetv2_50	222	1	0.0	5.671	16.791	3.214	0.0	4.007	17.158	2.352
resnetv2_50x1_bit_distilled	222	1	0.0	8.054	nan	0.001	0.0	1.414	nan	0.001
twins_svt_small	222	1	0.0	1.886	nan	0.005	0.0	0.629	nan	0.007
resnetv2_50x1_bitm_in21k	222	1	0.0	8.054	nan	0.001	0.0	1.414	nan	0.001
tinynet_b	222	2	0.0	8.984	26.181	8.917	0.0	5.592	27.165	8.366
twins_pcpvt_small	222	1	0.0	0.301	nan	0.0	0.0	0.039	nan	0.0
selecsls60	222	1	0.0	2.161	14.866	0.948	0.0	1.493	15.351	0.768
resnet50_gn	222	1	0.0	7.19	nan	0.033	0.0	1.886	nan	0.018
tf_efficientnetv2_b1	222	2	0.0	13.816	28.091	12.415	0.0	9.481	28.437	10.663
tf_efficientnetv2_b2	222	2	0.0	4.256	24.785	4.836	0.0	3.392	26.63	4.893
xcit_nano_12_p16_224	222	2	0.0	45.757	12.469	9.102	0.0	35.542	12.696	8.186
resnet51q	222	1	0.0	2.973	28.214	5.219	0.0	2.239	29.029	4.553
tv_resnet34	222	2	0.0	19.225	13.552	5.518	0.0	12.507	15.282	5.328
tf_mixnet_m	222	2	0.0	5.5	11.915	2.927	0.0	3.523	13.67	2.547
seresnet33ts	222	2	0.0	9.115	23.454	8.189	0.0	7.569	22.451	7.192
twins_svt_small	222	2	0.0	0.393	nan	0.0	0.0	0.0	nan	0.0
resnetv2_50	222	2	0.0	9.665	15.169	4.194	0.0	6.967	15.288	3.377
resnetv2_50x1_bit_distilled	222	2	0.0	2.75	1.369	0.193	0.0	2.789	0.868	0.09
resnetv2_50x1_bitm_in21k	222	2	0.0	2.75	1.369	0.193	0.0	2.789	0.868	0.09
twins_pcpvt_small	222	2	0.0	0.301	nan	0.0	0.0	0.0	nan	0.0
selecsls60	222	2	0.0	3.601	14.142	2.132	0.0	2.816	14.257	1.986
resnet50_gn	222	2	0.0	2.239	2.086	0.263	0.0	1.768	1.927	0.211
resnetv2_101x1_bitm	222	1	0.0	1.676	nan	0.0	0.0	0.314	nan	0.0
resnet51q	222	2	0.0	6.666	24.155	5.822	0.0	4.492	25.627	5.05
resnet34	222	-1	0.0	5.828	9.51	2.001	0.0	5.566	8.801	1.875
tf_mobilenetv3_small_minimal_100	222	-1	0.0	6.522	5.495	1.706	0.0	6.116	5.119	1.612
resnet34d	222	-1	0.0	4.439	8.431	1.318	0.0	4.584	7.745	1.223
tinynet_c	222	-1	0.0	11.564	28.006	10.98	0.0	10.005	30.278	11.606
tinynet_a	222	-1	0.0	10.516	28.401	8.488	0.0	9.023	28.808	8.144
fbnetv3_g	222	-1	0.0	14.17	17.946	6.459	0.0	12.847	18.386	6.304
resnet26t	222	-1	0.0	5.513	4.827	0.864	0.0	5.395	4.372	0.809
tf_mobilenetv3_small_100	222	-1	0.0	10.948	18.153	6.246	0.0	9.704	16.924	5.477
tf_efficientnet_lite1	222	-1	0.0	5.016	5.299	1.777	0.0	4.243	5.338	1.756
densenet169	222	-1	0.0	10.608	4.239	1.191	0.0	9.416	4.065	1.102
resnet26d	222	-1	0.0	4.911	6.139	0.936	0.0	5.147	5.537	0.842
gluon_resnet101_v1s	222	-1	0.0	7.465	6.906	1.676	0.0	6.836	6.417	1.53
mixnet_xl	222	-1	0.0	13.174	11.881	3.379	0.0	11.734	11.646	3.125
lambda_resnet50ts	222	-1	0.0	4.924	25.881	4.642	0.0	4.322	24.027	4.214
dm_nfnet_f0	222	-1	0.0	4.57	11.826	2.412	0.0	4.413	10.525	2.05
tf_efficientnet_cc_b0_8e	222	-1	0.0	13.685	47.191	20.095	0.0	11.76	44.631	16.891
eca_nfnet_l1	222	-1	0.0	4.034	12.583	2.259	0.0	4.439	11.389	1.929
xcit_nano_12_p16_384_dist	222	-1	0.0	18.897	0.187	0.023	0.0	11.459	nan	0.02
twins_svt_base	222	-1	0.0	14.707	29.671	10.502	0.0	13.161	29.124	9.853
xcit_nano_12_p8_384_dist	222	-1	0.0	11.092	0.346	0.038	0.0	9.534	0.332	0.037
vgg11_bn	222	-1	0.0	18.806	7.776	3.052	0.0	16.645	7.399	2.779
xcit_tiny_24_p16_384_dist	222	-1	0.0	0.196	nan	0.0	0.0	0.0	nan	0.0
xcit_tiny_24_p16_224_dist	222	-1	0.0	0.196	nan	0.0	0.0	0.0	nan	0.0
xcit_small_12_p16_384_dist	222	-1	0.0	19.788	0.157	0.021	0.0	11.799	0.152	0.018
wide_resnet50_2	222	-1	0.0	6.705	9.22	2.059	0.0	6.482	8.507	1.909
vgg13_bn	222	-1	0.0	19.644	8.041	3.331	0.0	18.059	7.639	3.004
vgg16_bn	222	-1	0.0	18.426	6.585	2.582	0.0	17.129	6.331	2.369
resnet34	222	0	0.0	3.772	9.729	1.319	0.0	3.732	9.851	1.258
tf_mobilenetv3_small_minimal_100	222	0	0.0	0.602	3.19	0.409	0.0	0.642	2.935	0.396
resnet34d	222	0	0.0	4.047	14.72	2.161	0.0	3.628	14.362	1.663
tinynet_c	222	0	0.0	1.296	36.347	5.471	0.0	0.825	36.445	5.518
tf_mobilenetv3_small_100	222	0	0.0	2.763	14.988	1.997	0.0	2.501	13.271	1.773
resnet26t	222	0	0.0	3.313	30.297	5.981	0.0	3.366	28.652	5.381
tinynet_a	222	0	0.0	1.048	36.23	5.187	0.0	1.087	36.203	4.964
resnet26d	222	0	0.0	3.3	21.883	4.065	0.0	2.829	20.715	3.879
xcit_nano_12_p16_384_dist	222	0	0.0	7.36	3.811	1.043	0.0	6.954	3.994	1.025
tf_efficientnet_lite1	222	0	0.0	0.655	10.714	0.861	0.0	0.563	9.257	0.721
resnetv2_101x1_bitm	222	2	0.0	0.393	nan	0.0	0.0	0.052	nan	0.0
resnet34	222	1	0.0	8.683	11.86	3.059	0.0	5.788	13.553	3.117
tf_efficientnet_cc_b0_8e	222	0	0.0	2.645	21.667	1.966	0.0	1.794	21.217	1.677
tf_mobilenetv3_small_minimal_100	222	1	0.0	2.108	5.233	1.1	0.0	1.545	5.421	1.096
resnet34d	222	1	0.0	8.106	16.43	4.615	0.0	6.915	15.424	3.695
tinynet_c	222	1	0.0	3.798	31.453	7.341	0.0	2.462	33.276	7.438
xcit_nano_12_p16_384_dist	222	1	0.0	28.104	8.27	4.836	0.0	21.006	7.525	3.898
tf_mobilenetv3_small_100	222	1	0.0	15.073	14.83	4.306	0.0	12.179	12.542	3.784
resnet26t	222	1	0.0	5.932	23.868	6.692	0.0	5.801	22.532	5.861
tinynet_a	222	1	0.0	3.457	27.591	5.847	0.0	2.528	29.493	5.93
xcit_tiny_24_p16_384_dist	222	0	0.0	2.279	nan	0.001	0.0	0.38	nan	0.001
xcit_tiny_24_p16_224_dist	222	0	0.0	2.279	nan	0.001	0.0	0.38	nan	0.001
resnet26d	222	1	0.0	6.129	21.401	5.816	0.0	5.605	21.657	5.448
xcit_small_12_p16_384_dist	222	0	0.0	0.393	nan	0.0	0.0	0.013	nan	0.0
xcit_nano_12_p8_384_dist	222	0	0.0	8.355	3.524	0.984	0.0	6.823	3.911	1.009
tf_efficientnet_lite1	222	1	0.0	4.741	12.326	0.747	0.0	3.078	10.941	0.525
resnet34	222	2	0.0	19.225	13.552	5.518	0.0	12.507	15.282	5.328
tf_mobilenetv3_small_minimal_100	222	2	0.0	5.278	6.456	1.964	0.0	4.911	7.701	2.194
resnet34d	222	2	0.0	16.448	15.0	6.545	0.0	11.917	13.795	4.72
xcit_nano_12_p16_384_dist	222	2	0.0	45.757	12.469	9.102	0.0	35.542	12.696	8.186
tinynet_c	222	2	0.0	7.072	26.665	7.742	0.0	5.33	28.707	7.611
tinynet_a	222	2	0.0	6.705	24.476	6.578	0.0	4.78	27.266	6.622
wide_resnet50_2	222	0	0.0	3.222	16.565	2.581	0.0	2.986	17.829	2.61
resnet26t	222	2	0.0	11.668	21.408	8.24	0.0	9.704	21.825	7.533
tf_mobilenetv3_small_100	222	2	0.0	30.029	15.719	6.927	0.0	23.18	12.431	5.403
resnet26d	222	2	0.0	12.493	21.382	7.96	0.0	10.071	20.718	7.018
tf_efficientnet_cc_b0_8e	222	1	0.0	5.71	35.982	0.919	0.0	3.195	36.543	0.944
tf_efficientnet_lite1	222	2	0.0	2.122	12.798	1.048	0.0	1.624	13.669	1.157
xcit_tiny_24_p16_384_dist	222	1	0.0	10.647	nan	0.018	0.0	1.519	nan	0.013
xcit_tiny_24_p16_224_dist	222	1	0.0	10.647	nan	0.018	0.0	1.519	nan	0.013
xcit_small_12_p16_384_dist	222	1	0.0	13.449	nan	0.035	0.0	4.426	nan	0.032
xcit_nano_12_p8_384_dist	222	1	0.0	31.247	9.256	5.715	0.0	24.293	9.671	5.425
vgg11_bn	222	0	0.0	20.705	nan	0.013	0.0	3.614	nan	0.01
tf_efficientnet_cc_b0_8e	222	2	0.0	6.627	26.891	0.994	0.0	3.169	29.314	1.042
xcit_tiny_24_p16_384_dist	222	2	0.0	25.55	3.104	0.061	0.0	16.606	3.446	0.055
xcit_tiny_24_p16_224_dist	222	2	0.0	25.55	3.104	0.061	0.0	16.606	3.446	0.055
wide_resnet50_2	222	1	0.0	5.448	17.335	4.068	0.0	4.767	20.167	4.542
tv_densenet121	222	-1	0.0	9.966	6.333	1.553	0.0	8.683	5.96	1.416
resnet61q	222	-1	0.0	5.605	35.045	7.216	0.0	4.426	32.071	6.306
fbnetv3_g	222	-1	0.0	14.17	17.946	6.459	0.0	12.847	18.386	6.304
tf_efficientnet_cc_b0_4e	222	-1	0.0	12.952	38.909	14.886	0.0	10.49	38.158	13.672
swsl_resnet18	222	-1	0.0	5.88	9.801	1.983	0.0	5.684	9.09	1.834
densenet169	222	-1	0.0	10.608	4.239	1.191	0.0	9.416	4.065	1.102
spnasnet_100	222	-1	0.0	11.38	3.147	1.087	0.0	9.193	3.016	1.01
mixnet_xl	222	-1	0.0	13.174	11.881	3.379	0.0	11.734	11.646	3.125
lambda_resnet50ts	222	-1	0.0	4.924	25.881	4.642	0.0	4.322	24.027	4.214
ssl_resnext50_32x4d	222	-1	0.0	6.103	8.96	1.788	0.0	5.618	8.281	1.655
twins_svt_base	222	-1	0.0	14.707	29.671	10.502	0.0	13.161	29.124	9.853
gluon_resnet101_v1s	222	-1	0.0	7.465	6.906	1.676	0.0	6.836	6.417	1.53
dm_nfnet_f0	222	-1	0.0	4.57	11.826	2.412	0.0	4.413	10.525	2.05
vgg16_bn	222	-1	0.0	18.426	6.585	2.582	0.0	17.129	6.331	2.369
xcit_small_12_p16_384_dist	222	2	0.0	13.057	1.555	0.08	0.0	12.965	1.807	0.081
vgg19	222	-1	0.0	20.089	6.406	2.555	0.0	17.404	6.125	2.34
xcit_nano_12_p8_384_dist	222	2	0.0	50.576	16.504	12.644	0.0	41.737	13.338	9.212
swsl_resnet18	222	0	0.0	4.754	17.829	3.073	0.0	3.798	17.521	2.646
spnasnet_100	222	0	0.0	0.393	3.539	0.34	0.0	0.367	3.236	0.292
tv_densenet121	222	0	0.0	4.872	22.839	5.864	0.0	3.641	23.278	5.328
tf_efficientnet_cc_b0_4e	222	0	0.0	1.388	41.01	3.79	0.0	0.812	40.071	3.707
ssl_resnext50_32x4d	222	0	0.0	3.759	25.126	5.216	0.0	3.248	24.076	4.708
swsl_resnet18	222	1	0.0	8.25	16.662	4.818	0.0	6.731	16.936	4.183
spnasnet_100	222	1	0.0	0.563	4.418	0.599	0.0	0.537	3.959	0.499
wide_resnet50_2	222	2	0.0	10.359	16.384	5.486	0.0	7.635	18.604	5.542
tv_densenet121	222	1	0.0	10.071	19.65	6.177	0.0	6.757	22.167	6.842
tf_efficientnet_cc_b0_4e	222	1	0.0	3.3	44.749	3.858	0.0	0.93	44.138	3.772
ssl_resnext50_32x4d	222	1	0.0	8.512	19.559	5.875	0.0	6.915	20.14	5.712
vgg11_bn	222	1	0.0	14.052	3.998	0.218	0.0	3.628	4.444	0.207
swsl_resnet18	222	2	0.0	14.366	15.58	6.171	0.0	11.027	16.367	5.533
spnasnet_100	222	2	0.0	0.825	5.982	0.76	0.0	0.707	5.333	0.607
tv_densenet121	222	2	0.0	21.412	18.484	8.986	0.0	16.173	16.82	6.84
fbnetv3_g	222	-1	0.0	14.17	17.946	6.459	0.0	12.847	18.386	6.304
tf_efficientnet_cc_b0_4e	222	2	0.0	3.326	45.263	3.823	0.0	1.794	46.078	3.618
densenet169	222	-1	0.0	10.608	4.239	1.191	0.0	9.416	4.065	1.102
resnet61q	222	-1	0.0	5.605	35.045	7.216	0.0	4.426	32.071	6.306
mixnet_xl	222	-1	0.0	13.174	11.881	3.379	0.0	11.734	11.646	3.125
lambda_resnet50ts	222	-1	0.0	4.924	25.881	4.642	0.0	4.322	24.027	4.214
twins_svt_base	222	-1	0.0	14.707	29.671	10.502	0.0	13.161	29.124	9.853
eca_nfnet_l1	222	-1	0.0	4.034	12.583	2.259	0.0	4.439	11.389	1.929
vgg16_bn	222	-1	0.0	18.426	6.585	2.582	0.0	17.129	6.331	2.369
vgg13_bn	222	-1	0.0	19.644	8.041	3.331	0.0	18.059	7.639	3.004
dm_nfnet_f0	222	-1	0.0	4.57	11.826	2.412	0.0	4.413	10.525	2.05
ssl_resnext50_32x4d	222	2	0.0	18.347	18.743	8.275	0.0	13.58	19.236	7.536
vgg19	222	0	0.0	0.301	nan	0.0	0.0	0.0	nan	0.0
vgg11_bn	222	2	0.0	11.537	3.939	0.357	0.0	3.837	5.093	0.368
fbnetv3_g	222	-1	0.0	14.17	17.946	6.459	0.0	12.847	18.386	6.304
densenet169	222	-1	0.0	10.608	4.239	1.191	0.0	9.416	4.065	1.102
mixnet_xl	222	-1	0.0	13.174	11.881	3.379	0.0	11.734	11.646	3.125
resnet61q	222	-1	0.0	5.605	35.045	7.216	0.0	4.426	32.071	6.306
lambda_resnet50ts	222	-1	0.0	4.924	25.881	4.642	0.0	4.322	24.027	4.214
twins_svt_base	222	-1	0.0	14.707	29.671	10.502	0.0	13.161	29.124	9.853
eca_nfnet_l1	222	-1	0.0	4.034	12.583	2.259	0.0	4.439	11.389	1.929
dm_nfnet_f0	222	-1	0.0	4.57	11.826	2.412	0.0	4.413	10.525	2.05
vgg13_bn	222	-1	0.0	19.644	8.041	3.331	0.0	18.059	7.639	3.004
vgg16_bn	222	-1	0.0	18.426	6.585	2.582	0.0	17.129	6.331	2.369
densenet169	222	-1	0.0	10.608	4.239	1.191	0.0	9.416	4.065	1.102
resnet50	222	-1	0.0	6.915	8.436	1.918	0.0	6.103	7.901	1.798
vgg19	222	1	0.0	0.393	nan	0.0	0.0	0.0	nan	0.0
resnet50	222	0	0.0	2.842	22.412	3.218	0.0	2.58	21.609	2.86
resnet50	222	1	0.0	6.299	19.596	5.208	0.0	5.932	18.947	4.576
resnet50	222	2	0.0	13.855	18.396	7.186	0.0	11.027	17.998	6.058
vgg13_bn	222	-1	0.0	19.644	8.041	3.331	0.0	18.059	7.639	3.004
vgg19	222	2	0.0	0.393	0.0	0.0	0.0	0.0	0.0	0.0
densenet169	222	-1	0.0	10.608	4.239	1.191	0.0	9.416	4.065	1.102
dm_nfnet_f0	222	-1	0.0	4.57	11.826	2.412	0.0	4.413	10.525	2.05
densenet169	222	0	0.0	2.816	26.131	4.086	0.0	2.907	24.839	3.851
mixnet_xl	222	-1	0.0	13.174	11.881	3.379	0.0	11.734	11.646	3.125
resnet61q	222	-1	0.0	5.605	35.045	7.216	0.0	4.426	32.071	6.306
twins_svt_base	222	-1	0.0	14.707	29.671	10.502	0.0	13.161	29.124	9.853
fbnetv3_g	222	-1	0.0	14.17	17.946	6.459	0.0	12.847	18.386	6.304
lambda_resnet50ts	222	-1	0.0	4.924	25.881	4.642	0.0	4.322	24.027	4.214
gluon_resnet101_v1s	222	-1	0.0	7.465	6.906	1.676	0.0	6.836	6.417	1.53
vgg16_bn	222	-1	0.0	18.426	6.585	2.582	0.0	17.129	6.331	2.369
eca_nfnet_l1	222	-1	0.0	4.034	12.583	2.259	0.0	4.439	11.389	1.929
dm_nfnet_f0	222	0	0.0	0.393	nan	0.0	0.0	0.0	nan	0.0
densenet169	222	1	0.0	4.282	24.782	4.694	0.0	3.772	24.954	4.687
dm_nfnet_f0	222	1	0.0	0.406	nan	0.0	0.0	0.0	nan	0.0
dm_nfnet_f0	222	2	0.0	0.419	nan	0.0	0.0	0.0	nan	0.0
densenet169	222	2	0.0	9.311	21.032	6.673	0.0	7.281	21.536	6.217
eca_nfnet_l1	222	-1	0.0	4.034	12.583	2.259	0.0	4.439	11.389	1.929
vgg11	222	-1	0.0	18.806	7.776	3.052	0.0	16.632	7.399	2.779
eca_nfnet_l1	222	0	0.0	0.38	nan	0.0	0.0	0.0	nan	0.0
eca_nfnet_l1	222	1	0.0	0.393	nan	0.0	0.0	0.0	nan	0.0
vgg11	222	0	0.0	0.34	nan	0.0	0.0	0.0	nan	0.0
eca_nfnet_l1	222	2	0.0	0.38	nan	0.0	0.0	0.0	nan	0.0
fbnetv3_g	222	-1	0.0	14.17	17.946	6.459	0.0	12.847	18.386	6.304
fbnetv3_g	222	0	0.0	1.742	nan	0.064	0.0	0.262	nan	0.05
fbnetv3_g	222	1	0.0	17.548	5.28	0.477	0.0	13.463	6.182	0.425
vgg11	222	1	0.0	0.393	nan	0.0	0.0	0.0	nan	0.0
fbnetv3_g	222	2	0.0	2.803	5.336	1.074	0.0	1.663	5.007	0.937
gluon_resnet101_v1s	222	-1	0.0	7.465	6.906	1.676	0.0	6.836	6.417	1.53
gluon_resnet101_v1s	222	0	0.0	3.392	22.257	3.612	0.0	3.274	21.624	3.203
vgg11	222	2	0.0	0.393	nan	0.0	0.0	0.0	nan	0.0
gluon_resnet101_v1s	222	1	0.0	5.16	18.686	3.897	0.0	4.007	20.122	4.097
vgg13	222	-1	0.0	19.644	8.041	3.331	0.0	18.059	7.639	3.004
gluon_resnet101_v1s	222	2	0.0	13.266	17.442	6.633	0.0	10.045	17.645	5.873
lambda_resnet50ts	222	-1	0.0	4.924	25.881	4.642	0.0	4.322	24.027	4.214
lambda_resnet50ts	222	0	0.0	3.457	22.628	4.92	0.0	3.195	22.166	4.202
mixnet_xl	222	-1	0.0	13.174	11.881	3.379	0.0	11.734	11.646	3.125
lambda_resnet50ts	222	1	0.0	9.9	20.025	6.451	0.0	7.687	21.909	6.266
mixnet_xl	222	0	0.0	7.19	19.737	0.865	0.0	2.161	20.051	0.768
lambda_resnet50ts	222	2	0.0	14.091	19.668	7.492	0.0	10.254	22.835	7.437
mixnet_xl	222	1	0.0	0.812	14.614	0.851	0.0	0.642	14.488	0.821
resnet61q	222	-1	0.0	5.605	35.045	7.216	0.0	4.426	32.071	6.306
resnet61q	222	0	0.0	2.606	32.341	5.572	0.0	1.873	30.472	4.544
mixnet_xl	222	2	0.0	1.48	15.987	1.413	0.0	0.825	16.403	1.137
twins_svt_base	222	-1	0.0	14.707	29.671	10.502	0.0	13.161	29.124	9.853
resnet61q	222	1	0.0	9.416	24.393	7.551	0.0	6.666	27.956	7.794
twins_svt_base	222	0	0.0	0.576	nan	0.0	0.0	0.026	nan	0.0
resnet61q	222	2	0.0	10.398	22.84	7.054	0.0	6.888	23.755	7.109
vgg13_bn	222	-1	0.0	19.644	8.041	3.331	0.0	18.059	7.639	3.004
twins_svt_base	222	1	0.0	0.354	nan	0.001	0.0	0.026	nan	0.0
twins_svt_base	222	2	0.0	0.602	nan	0.033	0.0	0.17	nan	0.012
vgg16_bn	222	-1	0.0	18.426	6.585	2.582	0.0	17.129	6.331	2.369
vgg13_bn	222	0	0.0	22.564	1.389	0.032	0.0	4.662	1.28	0.031
vgg13_bn	222	1	0.0	1.388	nan	0.0	0.0	0.065	nan	0.0
vgg16_bn	222	0	0.0	16.828	0.817	0.019	0.0	2.397	nan	0.017
vgg13_bn	222	2	0.0	0.72	nan	0.0	0.0	0.013	nan	0.0
vgg16_bn	222	1	0.0	0.642	nan	0.0	0.0	0.026	nan	0.0
repvgg_b2	222	-1	0.0	0.236	nan	0.0	0.0	0.0	nan	0.0
vgg16_bn	222	2	0.0	2.75	nan	0.001	0.0	0.092	nan	0.001
repvgg_b2	222	-1	0.0	0.236	nan	0.0	0.0	0.0	nan	0.0
repvgg_b2g4	222	-1	0.0	0.393	nan	0.0	0.0	0.0	nan	0.0
repvgg_b2g4	222	0	0.0	1.82	17.488	2.138	0.0	1.074	16.007	1.594
repvgg_b2	222	0	0.0	1.899	19.833	2.323	0.0	1.833	20.437	2.053
repvgg_b2g4	222	1	0.0	5.998	18.45	4.958	0.0	3.222	21.406	5.018
repvgg_b2	222	1	0.0	6.679	13.697	3.422	0.0	4.466	13.479	3.026
repvgg_b2g4	222	2	0.0	15.23	17.517	7.548	0.0	8.997	20.128	6.99
repvgg_b3g4	222	-1	0.0	0.393	nan	0.0	0.0	0.0	nan	0.0
repvgg_b2	222	2	0.0	13.541	18.712	7.434	0.0	8.237	17.258	6.136
vgg13	222	-1	0.0	19.644	8.041	3.331	0.0	18.059	7.639	3.004
repvgg_b3g4	222	0	0.0	2.606	23.396	3.372	0.0	1.742	24.081	2.976
vgg13	222	0	0.0	0.38	nan	0.0	0.0	0.0	nan	0.0
repvgg_b3g4	222	1	0.0	5.225	19.0	4.89	0.0	3.68	20.874	5.038
vgg13	222	1	0.0	0.393	nan	0.0	0.0	0.0	nan	0.0
repvgg_b3g4	222	2	0.0	11.983	20.418	8.206	0.0	8.237	20.945	7.329
vgg16	222	-1	0.0	18.426	6.585	2.582	0.0	17.129	6.331	2.369
vgg13	222	2	0.0	0.393	nan	0.0	0.0	0.0	nan	0.0
vgg19_bn	222	-1	0.0	20.089	6.406	2.555	0.0	17.404	6.125	2.34
vgg16	222	0	0.0	0.406	nan	0.0	0.0	0.0	nan	0.0
vgg19_bn	222	0	0.0	7.962	nan	0.149	0.0	2.737	nan	0.132
vgg16	222	1	0.0	0.393	0.0	0.0	0.0	0.0	0.0	0.0
vgg19_bn	222	1	0.0	12.218	3.241	0.176	0.0	4.269	3.308	0.157
vgg16	222	2	0.0	0.393	nan	0.0	0.0	0.0	nan	0.0
gluon_resnet152_v1b	222	-1	0.0	6.797	8.884	1.898	0.0	5.919	8.319	1.778
gluon_resnet152_v1b	222	0	0.0	5.474	34.433	5.001	0.0	2.894	35.566	5.042
vgg19_bn	222	2	0.0	4.217	3.526	0.348	0.0	2.2	3.6	0.307
gluon_resnet152_v1c	222	-1	0.0	7.085	7.765	1.817	0.0	6.548	7.301	1.727
gluon_resnet152_v1b	222	1	0.0	4.859	19.789	4.108	0.0	4.335	19.353	3.897
gluon_resnet152_v1c	222	0	0.0	2.96	19.335	2.48	0.0	2.829	18.615	2.106
gluon_resnet152_v1b	222	2	0.0	8.853	24.02	6.009	0.0	6.771	21.951	5.437
gluon_resnet152_v1d	222	-1	0.0	5.409	8.086	1.512	0.0	5.356	7.577	1.418
gluon_resnet152_v1c	222	1	0.0	5.369	18.709	3.878	0.0	4.479	18.851	3.564
gluon_resnet152_v1d	222	0	0.0	5.134	17.452	3.39	0.0	5.238	16.887	2.89
gluon_resnet152_v1c	222	2	0.0	12.402	16.467	5.669	0.0	9.036	16.954	4.932
gluon_resnet152_v1s	222	-1	0.0	6.875	6.575	1.458	0.0	6.548	6.071	1.332
gluon_resnet152_v1d	222	1	0.0	9.481	17.242	5.41	0.0	9.403	16.588	4.691
gluon_resnet152_v1s	222	0	0.0	3.025	17.92	2.353	0.0	2.698	16.744	2.127
gluon_resnet152_v1d	222	2	0.0	24.162	8.16	4.084	0.0	19.277	7.924	3.495
gluon_resnext101_32x4d	222	-1	0.0	6.679	9.171	2.011	0.0	5.998	8.412	1.872
gluon_resnet152_v1s	222	1	0.0	4.361	16.917	2.741	0.0	3.483	16.632	2.625
gluon_resnext101_32x4d	222	0	0.0	2.855	30.192	4.303	0.0	2.554	27.004	3.666
gluon_resnet152_v1s	222	2	0.0	7.988	16.248	3.864	0.0	5.317	17.749	3.639
gluon_resnext101_32x4d	222	1	0.0	8.015	18.5	5.201	0.0	6.836	16.866	4.385
gluon_resnext101_64x4d	222	-1	0.0	6.574	8.54	1.91	0.0	6.312	7.971	1.784
gluon_resnext101_32x4d	222	2	0.0	17.902	15.271	6.591	0.0	13.567	15.669	5.897
gluon_senet154	222	-1	0.0	14.471	7.478	2.377	0.0	13.201	6.944	2.137
gluon_seresnext101_32x4d	222	-1	0.0	6.771	8.029	1.882	0.0	6.443	7.47	1.735
gluon_resnext101_64x4d	222	0	0.0	4.361	23.302	4.4	0.0	4.112	22.283	4.171
gluon_seresnext101_32x4d	222	0	0.0	2.737	16.448	2.23	0.0	2.737	17.96	1.981
gluon_resnext101_64x4d	222	1	0.0	7.7	18.858	5.353	0.0	6.902	17.513	4.616
gluon_seresnext101_32x4d	222	1	0.0	7.15	14.759	3.507	0.0	5.343	18.289	4.029
gluon_resnext101_64x4d	222	2	0.0	17.522	15.679	6.892	0.0	13.934	15.723	5.81
gluon_seresnext101_64x4d	222	-1	0.0	6.155	8.734	1.918	0.0	5.448	8.091	1.77
gluon_seresnext101_32x4d	222	2	0.0	16.592	12.98	5.204	0.0	10.162	15.909	5.335
gluon_xception65	222	-1	0.0	10.634	6.875	2.212	0.0	9.377	6.472	2.028
resnet152	222	-1	0.0	6.797	8.884	1.898	0.0	5.919	8.319	1.778
gluon_xception65	222	0	0.0	2.776	29.428	1.659	0.0	1.362	25.766	1.494
resnet152	222	0	0.0	5.474	34.433	5.001	0.0	2.894	35.566	5.042
gluon_xception65	222	1	0.0	2.004	15.044	1.336	0.0	1.585	14.191	1.094
resnet152	222	1	0.0	4.859	19.789	4.108	0.0	4.335	19.353	3.897
gluon_xception65	222	2	0.0	2.816	16.835	1.604	0.0	2.436	17.001	1.509
resnet152d	222	-1	0.0	5.409	8.086	1.512	0.0	5.356	7.577	1.418
resnet152	222	2	0.0	8.853	24.02	6.009	0.0	6.771	21.951	5.437
resnet152d	222	0	0.0	5.134	17.452	3.39	0.0	5.238	16.887	2.89
gluon_senet154	222	-1	0.0	14.471	7.478	2.377	0.0	13.201	6.944	2.137
gluon_seresnext101_64x4d	222	-1	0.0	6.155	8.734	1.918	0.0	5.448	8.091	1.77
resnet152d	222	1	0.0	9.481	17.242	5.41	0.0	9.403	16.588	4.691
resnet200d	222	-1	0.0	5.278	5.841	1.084	0.0	5.173	5.428	1.028
resnet152d	222	2	0.0	24.162	8.16	4.084	0.0	19.277	7.924	3.495
resnetrs101	222	-1	0.0	5.147	7.307	1.377	0.0	5.081	6.79	1.285
resnet200d	222	0	0.0	3.876	15.794	2.625	0.0	3.772	15.826	2.613
resnetrs101	222	0	0.0	3.759	18.438	3.072	0.0	3.313	17.191	2.933
resnet200d	222	1	0.0	8.342	13.909	4.062	0.0	6.771	16.153	4.098
resnetrs101	222	1	0.0	7.347	14.715	3.887	0.0	6.26	20.607	5.33
resnet200d	222	2	0.0	13.305	13.407	4.87	0.0	10.726	12.251	4.012
resnetrs101	222	2	0.0	13.816	15.968	5.859	0.0	9.9	20.219	6.375
resnetrs152	222	-1	0.0	5.042	7.129	1.267	0.0	4.95	6.57	1.189
resnetrs200	222	-1	0.0	5.12	6.513	1.175	0.0	5.003	6.031	1.091
